Date,Open,High,Low,Close,Adj Close,Volume
7/18/2016,2855.300049,2869.040039,2838.139893,2860.75,2860.75,0
7/19/2016,2855.840088,2870.040039,2817.280029,2822.280029,2822.280029,0
7/20/2016,2829.629883,2898.149902,2827.649902,2894.530029,2894.530029,0
7/21/2016,2923.810059,2950.5,2908.810059,2930.669922,2930.669922,0
7/22/2016,2938.780029,2953.050049,2922.310059,2937.649902,2937.649902,0
7/25/2016,2940.350098,2957.840088,2918.780029,2951.169922,2951.169922,0
7/26/2016,2925.199951,2949.820068,2912.48999,2930.570068,2930.570068,0
7/27/2016,2934.969971,3006.939941,2934.969971,3002.5,3002.5,0
7/28/2016,3006.389893,3015.870117,2972.209961,3008.97998,3008.97998,0
7/29/2016,3002.300049,3031.139893,2983.620117,3028.370117,3028.370117,0
8/1/2016,3046.939941,3104.959961,3044.709961,3078.330078,3078.330078,0
8/2/2016,3079.219971,3103.090088,3021.75,3083.709961,3083.709961,0
8/3/2016,3072.360107,3119.959961,3069.100098,3117.75,3117.75,0
8/4/2016,3122.449951,3131.659912,3091.370117,3094.570068,3094.570068,0
8/5/2016,3105.949951,3127.709961,3092.52002,3111.5,3111.5,0
8/8/2016,3115.040039,3121.129883,3068.72998,3078.780029,3078.780029,0
8/9/2016,3076.73999,3094.639893,3072.110107,3083.129883,3083.129883,0
8/10/2016,3076.080078,3077.100098,3015.360107,3021.790039,3021.790039,0
8/11/2016,3032.550049,3061.320068,3016.649902,3054.780029,3054.780029,0
8/12/2016,3043.73999,3063.100098,3027.840088,3060.850098,3060.850098,0
8/15/2016,3068.540039,3097.01001,3063.23999,3089.169922,3089.169922,0
8/16/2016,3081.040039,3083.959961,3042.070068,3043.48999,3043.48999,0
8/17/2016,3047.199951,3047.76001,3021.340088,3041.540039,3041.540039,0
8/18/2016,3041.030029,3061.780029,3028.389893,3049.01001,3049.01001,0
8/19/2016,3040.409912,3052.22998,3025.399902,3036,3036,0
8/22/2016,3061.129883,3102.350098,3059.97998,3096.570068,3096.570068,0
8/23/2016,3107.149902,3116.22998,3092.76001,3098.469971,3098.469971,0
8/24/2016,3098.100098,3128.679932,2986.969971,2994.050049,2994.050049,0
8/25/2016,3000.830078,3021.860107,2919.870117,2961.780029,2961.780029,0
8/26/2016,2966.689941,3008.850098,2955.969971,2983.919922,2983.919922,0
8/29/2016,2990.22998,2992.209961,2953.919922,2969.199951,2969.199951,0
8/30/2016,2968.310059,2987.939941,2951.860107,2961.560059,2961.560059,0
8/31/2016,2957.530029,2959.919922,2927.139893,2938.27002,2938.27002,0
9/1/2016,2944.830078,2949.879883,2916.639893,2941.709961,2941.709961,0
9/2/2016,2953.090088,2957.25,2926.560059,2935.080078,2935.080078,0
9/6/2016,2942.409912,2984.389893,2940.060059,2973.110107,2973.110107,0
9/7/2016,2974.909912,3001.709961,2972.449951,2991.560059,2991.560059,0
9/8/2016,2987.919922,3018.409912,2972.629883,3012.719971,3012.719971,0
9/9/2016,2982.23999,2989.379883,2916.389893,2916.790039,2916.790039,0
9/12/2016,2906.77002,3009.810059,2906.77002,3006.669922,3006.669922,0
9/13/2016,2979.780029,2981.01001,2925.629883,2956.889893,2956.889893,0
9/14/2016,2967.949951,3024.629883,2967.949951,2990.560059,2990.560059,0
9/15/2016,2997.98999,3041.850098,2974.639893,3035.399902,3035.399902,0
9/16/2016,3015.600098,3055.449951,3011.51001,3051.449951,3051.449951,0
9/19/2016,3060.76001,3083.360107,3039.929932,3050.280029,3050.280029,0
9/20/2016,3077.159912,3104.639893,3069.659912,3092.379883,3092.379883,0
9/21/2016,3103.98999,3119.949951,3049.360107,3112.300049,3112.300049,0
9/22/2016,3129.300049,3139.679932,3101.330078,3137.560059,3137.560059,0
9/23/2016,3132.379883,3154.360107,3117.780029,3118.590088,3118.590088,0
9/26/2016,3103.840088,3106.050049,3071.320068,3078.459961,3078.459961,0
9/27/2016,3070.889893,3112.879883,3061.800049,3112.52002,3112.52002,0
9/28/2016,3118.51001,3121.209961,3065.820068,3084.560059,3084.560059,0
9/29/2016,3081.919922,3088.860107,2984.26001,2992.429932,2992.429932,0
9/30/2016,2996.070068,3038.75,2971.76001,3027.149902,3027.149902,0
10/3/2016,3017.330078,3029.060059,2989.209961,3026.129883,3026.129883,0
10/4/2016,3032.209961,3042.840088,3000.929932,3014.01001,3014.01001,0
10/5/2016,3020.530029,3058.73999,3018.850098,3041.689941,3041.689941,0
10/6/2016,3008.889893,3009.399902,2967.800049,2973.939941,2973.939941,0
10/7/2016,2979.73999,2980.919922,2944.149902,2971.669922,2971.669922,0
10/10/2016,3008.300049,3027.22998,3003.899902,3013.110107,3013.110107,0
10/11/2016,2960.399902,2971.780029,2878.800049,2899.5,2899.5,0
10/12/2016,2900.659912,2909.550049,2824.139893,2826.870117,2826.870117,0
10/13/2016,2798.790039,2853.850098,2798.580078,2837.439941,2837.439941,0
10/14/2016,2853.870117,2854.360107,2782.530029,2782.76001,2782.76001,0
10/17/2016,2780.080078,2801.139893,2748.899902,2780.76001,2780.76001,0
10/18/2016,2810.310059,2830.929932,2809.709961,2818.76001,2818.76001,0
10/19/2016,2822.560059,2822.790039,2795.909912,2796.550049,2796.550049,0
10/20/2016,2793.800049,2835.389893,2793.350098,2825.139893,2825.139893,0
10/21/2016,2820.899902,2823.699951,2794.360107,2800.899902,2800.899902,0
10/24/2016,2809.560059,2815.929932,2784.310059,2788.280029,2788.280029,0
10/25/2016,2787.330078,2801.169922,2767.419922,2774.590088,2774.590088,0
10/26/2016,2787.219971,2810,2758.290039,2774.870117,2774.870117,0
10/27/2016,2813.100098,2827.090088,2774.919922,2777.27002,2777.27002,0
10/28/2016,2745.199951,2747.600098,2695.350098,2726.040039,2726.040039,0
10/31/2016,2727.51001,2729.860107,2682.209961,2682.560059,2682.560059,0
11/1/2016,2684.300049,2718.98999,2664.699951,2712.120117,2712.120117,0
11/2/2016,2702.449951,2704.310059,2660.679932,2661.129883,2661.129883,0
11/3/2016,2677.02002,2678.169922,2582.199951,2583.639893,2583.639893,0
11/4/2016,2591.48999,2660.540039,2591.48999,2634.340088,2634.340088,0
11/7/2016,2688.330078,2740.459961,2677.27002,2731.320068,2731.320068,0
11/8/2016,2712.949951,2770.300049,2702.76001,2738.23999,2738.23999,0
11/9/2016,2909.72998,3009.350098,2889.610107,2984.100098,2984.100098,0
11/10/2016,3031.790039,3075.449951,2981.860107,3031.790039,3031.790039,0
11/11/2016,3009.179932,3021.830078,2959.159912,3012.290039,3012.290039,0
11/14/2016,3018.27002,3066.060059,2993.860107,3065.139893,3065.139893,0
11/15/2016,3054.090088,3054.090088,3005.899902,3045.870117,3045.870117,0
11/16/2016,3033.22998,3050.409912,2994.909912,2995.909912,2995.909912,0
11/17/2016,2999.129883,3022.189941,2970.379883,3015.330078,3015.330078,0
11/18/2016,3014.090088,3021.98999,2968.26001,2978.560059,2978.560059,0
11/21/2016,2984.76001,3001.699951,2975.919922,2999.449951,2999.449951,0
11/22/2016,3007.98999,3009.709961,2921.449951,2945.449951,2945.449951,0
11/23/2016,2879.459961,2970.97998,2872.48999,2969.23999,2969.23999,0
11/25/2016,2975.610107,2980.830078,2945.120117,2978.780029,2978.780029,0
11/28/2016,2972.050049,2972.560059,2924.73999,2928.5,2928.5,0
11/29/2016,2931.810059,2955.370117,2910.72998,2932.580078,2932.580078,0
11/30/2016,2939.23999,2939.590088,2864.550049,2864.550049,2864.550049,0
12/1/2016,2871.459961,2876.590088,2811.850098,2817.169922,2817.169922,0
12/2/2016,2821.959961,2852.360107,2804.820068,2829.899902,2829.899902,0
12/5/2016,2854.370117,2878.919922,2829.610107,2845.600098,2845.600098,0
12/6/2016,2853.76001,2873.830078,2830.179932,2870.48999,2870.48999,0
12/7/2016,2816.820068,2822.330078,2739.169922,2786.98999,2786.98999,0
12/8/2016,2778.419922,2811.73999,2740.370117,2807.649902,2807.649902,0
12/9/2016,2835.719971,2878.530029,2807.879883,2818.540039,2818.540039,0
12/12/2016,2801.050049,2807.27002,2781.860107,2799.179932,2799.179932,0
12/13/2016,2811.639893,2840,2806.439941,2814.01001,2814.01001,0
12/14/2016,2813.159912,2834,2797.530029,2817.580078,2817.580078,0
12/15/2016,2825.350098,2848.879883,2815.300049,2844.72998,2844.72998,0
12/16/2016,2845.879883,2879.050049,2838.540039,2844.76001,2844.76001,0
12/19/2016,2841.889893,2870.179932,2806.179932,2810.939941,2810.939941,0
12/20/2016,2827.929932,2839.310059,2818.889893,2832.689941,2832.689941,0
12/21/2016,2832.580078,2836.51001,2794.629883,2798.01001,2798.01001,0
12/22/2016,2800.330078,2802.070068,2776.189941,2787.850098,2787.850098,0
12/23/2016,2785.73999,2853.429932,2785.73999,2850.350098,2850.350098,0
12/27/2016,2856.600098,2885.310059,2837.590088,2839.02002,2839.02002,0
12/28/2016,2843.73999,2843.73999,2800.040039,2803.159912,2803.159912,0
12/29/2016,2803.469971,2810.820068,2783.159912,2793.179932,2793.179932,0
12/30/2016,2794.120117,2801.899902,2762.280029,2772.72998,2772.72998,0
1/3/2017,2797.050049,2830.280029,2792.110107,2828.199951,2828.199951,0
1/4/2017,2836.790039,2914.699951,2834.939941,2902.620117,2902.620117,0
1/5/2017,2914.080078,2920.620117,2885.26001,2910.290039,2910.290039,0
1/6/2017,2926.870117,2944.100098,2914.139893,2930.610107,2930.610107,0
1/9/2017,2961.27002,2981.689941,2931.330078,2973.360107,2973.360107,0
1/10/2017,2997.580078,3004,2958,2996.72998,2996.72998,0
1/11/2017,2997.280029,2999.790039,2880.850098,2908.040039,2908.040039,0
1/12/2017,2887.639893,2931.129883,2875.26001,2920.110107,2920.110107,0
1/13/2017,2925,2957.51001,2922.060059,2931.560059,2931.560059,0
1/17/2017,2913.610107,2913.610107,2866.459961,2873.290039,2873.290039,0
1/18/2017,2890.360107,2900.129883,2874.810059,2898.929932,2898.929932,0
1/19/2017,2897.280029,2898.25,2861.110107,2872.719971,2872.719971,0
1/20/2017,2877.629883,2890.76001,2854.320068,2859.870117,2859.870117,0
1/23/2017,2859.22998,2869.409912,2826.350098,2834.280029,2834.280029,0
1/24/2017,2837.969971,2839.129883,2794.080078,2826.189941,2826.189941,0
1/25/2017,2844.320068,2861.540039,2834.379883,2854.280029,2854.280029,0
1/26/2017,2863.100098,2879.850098,2838.629883,2840.110107,2840.110107,0
1/27/2017,2848.830078,2871,2846.139893,2869.909912,2869.909912,0
1/30/2017,2864.72998,2865.5,2811.800049,2830.159912,2830.159912,0
1/31/2017,2815.219971,2912.389893,2805.51001,2910.209961,2910.209961,0
2/1/2017,2919.050049,2939.090088,2904.419922,2937.419922,2937.419922,0
2/2/2017,2929.209961,2940.77002,2907.52002,2930.22998,2930.22998,0
2/3/2017,2953.290039,2963.830078,2925.98999,2963.030029,2963.030029,0
2/6/2017,2952.050049,2967.830078,2943.100098,2965.870117,2965.870117,0
2/7/2017,2970.550049,2975.590088,2941.25,2954.840088,2954.840088,0
2/8/2017,2920.73999,2954.709961,2914.969971,2951.169922,2951.169922,0
2/9/2017,2945,2984.929932,2945,2980.030029,2980.030029,0
2/10/2017,2981.97998,2991.870117,2968.600098,2976.300049,2976.300049,0
2/13/2017,2989.149902,3001.620117,2983.030029,2996.550049,2996.550049,0
2/14/2017,2993.899902,3032.939941,2986.27002,3031.070068,3031.070068,0
2/15/2017,3027.850098,3087.610107,3026.409912,3086.169922,3086.169922,0
2/16/2017,3094.370117,3105.090088,3036.030029,3064.429932,3064.429932,0
2/17/2017,3059.429932,3080.399902,3053.159912,3080.399902,3080.399902,0
2/21/2017,3086.75,3087.340088,3053.560059,3061.98999,3061.98999,0
2/22/2017,3054.76001,3063.530029,3033.919922,3035.139893,3035.139893,0
2/23/2017,3044.040039,3044.040039,2994.77002,3027.669922,3027.669922,0
2/24/2017,3014.080078,3034.47998,3003.47998,3034.080078,3034.080078,0
2/27/2017,3033.679932,3121.540039,3033.679932,3119.929932,3119.929932,0
2/28/2017,3108.01001,3134.399902,3088.820068,3107.719971,3107.719971,0
3/1/2017,3146.969971,3158.679932,3120.389893,3149.719971,3149.719971,0
3/2/2017,3141.129883,3176.209961,3129.870117,3134.790039,3134.790039,0
3/3/2017,3133.820068,3165.580078,3131.02002,3164.75,3164.75,0
3/6/2017,3153.129883,3153.169922,3118.52002,3135.120117,3135.120117,0
3/7/2017,3103.22998,3115.300049,3078.77002,3086.580078,3086.580078,0
3/8/2017,3090.719971,3137.860107,3089.629883,3115.26001,3115.26001,0
3/9/2017,3112.530029,3136.719971,3096.189941,3124.659912,3124.659912,0
3/10/2017,3139.280029,3147.969971,3104.580078,3146.060059,3146.060059,0
3/13/2017,3145.629883,3148.449951,3122.860107,3144.97998,3144.97998,0
3/14/2017,3132.02002,3133.97998,3110.47998,3116.790039,3116.790039,0
3/15/2017,3125.300049,3173.48999,3119.669922,3162.820068,3162.820068,0
3/16/2017,3150.97998,3151.070068,3108.320068,3121.830078,3121.830078,0
3/17/2017,3073.889893,3105.110107,3073.159912,3086.23999,3086.23999,0
3/20/2017,3091.929932,3110.540039,3085.080078,3102.280029,3102.280029,0
3/21/2017,3111.959961,3112.23999,3011.610107,3014.100098,3014.100098,0
3/22/2017,3022.810059,3036.070068,3007.120117,3034.149902,3034.149902,0
3/23/2017,3028.73999,3052.179932,3014.98999,3019.409912,3019.409912,0
3/24/2017,3027.870117,3045.830078,3020.179932,3036.189941,3036.189941,0
3/27/2017,3009.379883,3073.209961,3005.959961,3068.850098,3068.850098,0
3/28/2017,3070.72998,3081.840088,3043.810059,3055.669922,3055.669922,0
3/29/2017,3075.790039,3105.139893,3073.610107,3081.610107,3081.610107,0
3/30/2017,3085.23999,3085.399902,3059.419922,3070.169922,3070.169922,0
3/31/2017,3070.090088,3079.080078,3061.060059,3069.350098,3069.350098,0
4/3/2017,3072.719971,3091.939941,3043.72998,3045.350098,3045.350098,0
4/4/2017,3042.919922,3060.620117,3039.959961,3051.169922,3051.169922,0
4/5/2017,3052.370117,3067.429932,3001.780029,3009.560059,3009.560059,0
4/6/2017,3016.219971,3024.540039,2997.570068,3017.419922,3017.419922,0
4/7/2017,3016.070068,3047.419922,3009.370117,3039.800049,3039.800049,0
4/10/2017,3046.939941,3057.830078,3027.73999,3029.26001,3029.26001,0
4/11/2017,3028.389893,3036.189941,2993.129883,3017.340088,3017.340088,0
4/12/2017,3028.780029,3035.219971,3007.800049,3020.070068,3020.070068,0
4/13/2017,3021.610107,3053.699951,3016.870117,3043.379883,3043.379883,0
4/17/2017,3033.290039,3047.23999,3022.800049,3042.290039,3042.290039,0
4/18/2017,3028.620117,3036.699951,2993.310059,3012.209961,3012.209961,0
4/19/2017,3025.340088,3043.01001,3013.459961,3024.25,3024.25,0
4/20/2017,3036.02002,3046.429932,3011.570068,3038.179932,3038.179932,0
4/21/2017,3038.350098,3040.159912,3000.870117,3009.350098,3009.350098,0
4/24/2017,3045.169922,3059.679932,3036.090088,3054.409912,3054.409912,0
4/25/2017,3081.52002,3107.070068,3079.840088,3095.209961,3095.209961,0
4/26/2017,3095.23999,3110.879883,3088.840088,3100.909912,3100.909912,0
4/27/2017,3089.669922,3117.060059,3083.060059,3104.929932,3104.929932,0
4/28/2017,3111.850098,3121.110107,3096.610107,3114.669922,3114.669922,0
5/1/2017,3121.449951,3139.909912,3119.02002,3135.52002,3135.52002,0
5/2/2017,3145.050049,3147.679932,3107.560059,3122.939941,3122.939941,0
5/3/2017,3111.949951,3114.389893,3090.610107,3101.709961,3101.709961,0
5/4/2017,3115.840088,3129.550049,3105.959961,3125.790039,3125.790039,0
5/5/2017,3127.429932,3128.399902,3082.909912,3096.409912,3096.409912,0
5/8/2017,3083.22998,3083.659912,3024.340088,3032.879883,3032.879883,0
5/9/2017,3041.669922,3069.560059,3036.620117,3067.810059,3067.810059,0
5/10/2017,3063.76001,3064.629883,3028.530029,3056.02002,3056.02002,0
5/11/2017,3048.939941,3058.659912,3021.649902,3054.159912,3054.159912,0
5/12/2017,3053.280029,3075.639893,3044.320068,3064.870117,3064.870117,0
5/15/2017,3063.75,3084.129883,3062.389893,3079.439941,3079.439941,0
5/16/2017,3084.699951,3093.540039,3071.51001,3090.72998,3090.72998,0
5/17/2017,3061.72998,3064.51001,3018.209961,3019.560059,3019.560059,0
5/18/2017,3036,3071.879883,3031.189941,3062.090088,3062.090088,0
5/19/2017,3059.879883,3083.320068,3037.22998,3039.459961,3039.459961,0
5/22/2017,3038.5,3050.080078,3022.830078,3048.5,3048.5,0
5/23/2017,3048.52002,3052.030029,3031.179932,3043.659912,3043.659912,0
5/24/2017,3046.120117,3051.879883,3017.179932,3046.409912,3046.409912,0
5/25/2017,3062.879883,3063.379883,3039.919922,3040.800049,3040.800049,0
5/26/2017,3039.48999,3044.560059,3014.399902,3017.070068,3017.070068,0
5/30/2017,3015.48999,3015.659912,2969.379883,2973.629883,2973.629883,0
5/31/2017,2985.879883,2995.300049,2959.76001,2991.610107,2991.610107,0
6/1/2017,2999.889893,3049.449951,2999.889893,3045.409912,3045.409912,0
6/2/2017,3059.26001,3103.590088,3053.830078,3096.800049,3096.800049,0
6/5/2017,3106.800049,3108.310059,3054.330078,3076.580078,3076.580078,0
6/6/2017,3066.189941,3083.870117,3057.189941,3063.5,3063.5,0
6/7/2017,3070.159912,3080.280029,3051.219971,3067.620117,3067.620117,0
6/8/2017,3069.090088,3093.590088,3060.659912,3086.129883,3086.129883,0
6/9/2017,3085.810059,3122.810059,3063.97998,3076.149902,3076.149902,0
6/12/2017,3072.030029,3093.399902,3049.689941,3067.77002,3067.77002,0
6/13/2017,3066.659912,3083.820068,3059.169922,3082.189941,3082.189941,0
6/14/2017,3085.919922,3116.800049,3074.399902,3098.560059,3098.560059,0
6/15/2017,3078,3081.280029,3048.030029,3074,3074,0
6/16/2017,3069.320068,3071.75,3040.5,3061.199951,3061.199951,0
6/19/2017,3074.600098,3147.399902,3072.429932,3137.679932,3137.679932,0
6/20/2017,3136.889893,3220.449951,3133.389893,3177.550049,3177.550049,0
6/21/2017,3186.919922,3307.939941,3186.919922,3306.26001,3306.26001,0
6/22/2017,3324.399902,3382,3320.360107,3349.080078,3349.080078,0
6/23/2017,3343.98999,3359.840088,3306.050049,3354.129883,3354.129883,0
6/26/2017,3361.300049,3364.540039,3322.48999,3344.189941,3344.189941,0
6/27/2017,3341.060059,3342.860107,3250.47998,3250.47998,3250.47998,0
6/28/2017,3266.830078,3324.959961,3251.969971,3318.51001,3318.51001,0
6/29/2017,3312.780029,3312.850098,3234.139893,3269.23999,3269.23999,0
6/30/2017,3275.080078,3275.590088,3239.25,3245.649902,3245.649902,0
7/3/2017,3259.72998,3279.290039,3246.350098,3257.879883,3257.879883,0
7/5/2017,3262.159912,3307.590088,3250.330078,3303.300049,3303.300049,0
7/6/2017,3276.73999,3288.709961,3235.550049,3248.290039,3248.290039,0
7/7/2017,3261.360107,3280.48999,3254.659912,3269.709961,3269.709961,0
7/10/2017,3267.449951,3268.189941,3229.620117,3245.629883,3245.629883,0
7/11/2017,3250.459961,3271.790039,3240.449951,3264.73999,3264.73999,0
7/12/2017,3288.75,3291.929932,3272.040039,3289.139893,3289.139893,0
7/13/2017,3293.129883,3328.949951,3254.129883,3310.77002,3310.77002,0
7/14/2017,3320.060059,3330.050049,3308.159912,3312.389893,3312.389893,0
7/17/2017,3316.790039,3333.939941,3298.340088,3300.110107,3300.110107,0
7/18/2017,3296.639893,3301.840088,3276.22998,3300.959961,3300.959961,0
7/19/2017,3344.050049,3370.459961,3337.699951,3349.179932,3349.179932,0
7/20/2017,3358.070068,3397.560059,3356.620117,3381.48999,3381.48999,0
7/21/2017,3388.419922,3405.310059,3379.139893,3399.969971,3399.969971,0
7/24/2017,3398.459961,3429.199951,3383.149902,3428.840088,3428.840088,0
7/25/2017,3444.98999,3446.330078,3381,3390.649902,3390.649902,0
7/26/2017,3392.820068,3419.02002,3384.929932,3412.810059,3412.810059,0
7/27/2017,3433.51001,3436.709961,3326.080078,3346.580078,3346.580078,0
7/28/2017,3340.810059,3377.449951,3329.699951,3370.620117,3370.620117,0
7/31/2017,3362.439941,3377.629883,3338.840088,3339.860107,3339.860107,0
8/1/2017,3344.179932,3345.810059,3295.889893,3306.929932,3306.929932,0
8/2/2017,3315,3326.889893,3283.169922,3321.959961,3321.959961,0
8/3/2017,3327.560059,3329.300049,3289.379883,3294.120117,3294.120117,0
8/4/2017,3296.48999,3307.02002,3279.219971,3306.409912,3306.409912,0
8/7/2017,3302.51001,3327.780029,3299.080078,3322.899902,3322.899902,0
8/8/2017,3322.679932,3331.360107,3282.070068,3292.139893,3292.139893,0
8/9/2017,3270.959961,3299.649902,3261.909912,3281.76001,3281.76001,0
8/10/2017,3261.810059,3261.939941,3186.409912,3187.909912,3187.909912,0
8/11/2017,3192.98999,3220.52002,3188.639893,3211.310059,3211.310059,0
8/14/2017,3231.830078,3248.969971,3230.129883,3242.449951,3242.449951,0
8/15/2017,3245.51001,3252.370117,3233.26001,3238.26001,3238.26001,0
8/16/2017,3255.219971,3267.959961,3237.659912,3246.439941,3246.439941,0
8/17/2017,3240.449951,3256.179932,3189.199951,3189.199951,3189.199951,0
8/18/2017,3179.899902,3205,3170.419922,3181.379883,3181.379883,0
8/21/2017,3179.98999,3197.639893,3169.320068,3188.840088,3188.840088,0
8/22/2017,3198.669922,3256.26001,3198.669922,3251.850098,3251.850098,0
8/23/2017,3236.560059,3252.810059,3230.840088,3236.27002,3236.27002,0
8/24/2017,3246.320068,3275.570068,3233.370117,3275.570068,3275.570068,0
8/25/2017,3287.48999,3294.98999,3253.850098,3254.949951,3254.949951,0
8/28/2017,3296.679932,3327.76001,3295.379883,3316.639893,3316.639893,0
8/29/2017,3285.580078,3333.139893,3285,3325.459961,3325.459961,0
8/30/2017,3325.070068,3408.610107,3323.75,3394.689941,3394.689941,0
8/31/2017,3411.659912,3493.810059,3410.25,3491.030029,3491.030029,0
9/1/2017,3497.659912,3524.5,3472.959961,3516.090088,3516.090088,0
9/5/2017,3506.879883,3517.47998,3451.639893,3488.040039,3488.040039,0
9/6/2017,3506.669922,3519.370117,3475.449951,3500.649902,3500.649902,0
9/7/2017,3488.139893,3520.48999,3467.679932,3510.040039,3510.040039,0
9/8/2017,3501.26001,3520.659912,3489.820068,3497.01001,3497.01001,0
9/11/2017,3516.580078,3517.060059,3481.590088,3499.939941,3499.939941,0
9/12/2017,3499.919922,3510.550049,3478.090088,3510.469971,3510.469971,0
9/13/2017,3502.459961,3510.090088,3487.179932,3496.929932,3496.929932,0
9/14/2017,3486.149902,3504.550049,3456.439941,3474.01001,3474.01001,0
9/15/2017,3477.350098,3493.840088,3458.47998,3472.550049,3472.550049,0
9/18/2017,3475.429932,3494.659912,3462.540039,3474.429932,3474.429932,0
9/19/2017,3477.070068,3478.73999,3447.219971,3454.310059,3454.310059,0
9/20/2017,3464.050049,3493.100098,3454.47998,3483.23999,3483.23999,0
9/21/2017,3477.530029,3489.860107,3461.919922,3465.27002,3465.27002,0
9/22/2017,3450.580078,3458.429932,3430.550049,3454.530029,3454.530029,0
9/25/2017,3453.820068,3485.699951,3448.820068,3467.389893,3467.389893,0
9/26/2017,3472.149902,3482.01001,3431.909912,3434.199951,3434.199951,0
9/27/2017,3445.100098,3467.550049,3441.399902,3456.48999,3456.48999,0
9/28/2017,3450.340088,3473.149902,3435.409912,3459.949951,3459.949951,0
9/29/2017,3468.330078,3495.330078,3447.590088,3493.01001,3493.01001,0
10/2/2017,3501.719971,3545.659912,3498.75,3544.850098,3544.850098,0
10/3/2017,3549.780029,3551.27002,3505.169922,3536.870117,3536.870117,0
10/4/2017,3546.209961,3568.580078,3536.090088,3564.840088,3564.840088,0
10/5/2017,3571.51001,3579.689941,3546,3570.790039,3570.790039,0
10/6/2017,3562.919922,3586.280029,3548.27002,3562.449951,3562.449951,0
10/9/2017,3571.360107,3574.310059,3548.090088,3553.590088,3553.590088,0
10/10/2017,3557.899902,3566.75,3539.790039,3558.030029,3558.030029,0
10/11/2017,3554.169922,3557.350098,3535.639893,3548.5,3548.5,0
10/12/2017,3546.699951,3555.560059,3517.02002,3529.52002,3529.52002,0
10/13/2017,3535.73999,3536.899902,3513.610107,3520.560059,3520.560059,0
10/16/2017,3533.840088,3575.629883,3515.810059,3527.23999,3527.23999,0
10/17/2017,3533.810059,3552.679932,3525.100098,3541.949951,3541.949951,0
10/18/2017,3554.75,3561.030029,3514.040039,3516.600098,3516.600098,0
10/19/2017,3511.73999,3527.629883,3482.25,3509.639893,3509.639893,0
10/20/2017,3480.149902,3487.709961,3451.389893,3472.320068,3472.320068,0
10/23/2017,3474.830078,3475.459961,3429.590088,3431.77002,3431.77002,0
10/24/2017,3434.179932,3434.969971,3372.26001,3403.780029,3403.780029,0
10/25/2017,3400.780029,3406.419922,3347.070068,3367.860107,3367.860107,0
10/26/2017,3289.709961,3322.169922,3267.969971,3291.22998,3291.22998,0
10/27/2017,3276.030029,3317.169922,3262.850098,3313.429932,3313.429932,0
10/30/2017,3312.72998,3346.73999,3295.459961,3315.320068,3315.320068,0
10/31/2017,3323.280029,3333.659912,3277.320068,3290.050049,3290.050049,0
11/1/2017,3310.820068,3314.48999,3263.97998,3269.090088,3269.090088,0
11/2/2017,3278.280029,3296.629883,3255.409912,3269.030029,3269.030029,0
11/3/2017,3267.320068,3320.820068,3267.320068,3320.330078,3320.330078,0
11/6/2017,3319.25,3331.860107,3304,3304.560059,3304.560059,0
11/7/2017,3305.100098,3309.649902,3278.889893,3289.73999,3289.73999,0
11/8/2017,3301.469971,3318.199951,3267.209961,3276.110107,3276.110107,0
11/9/2017,3252.459961,3265.669922,3226.580078,3258.879883,3258.879883,0
11/10/2017,3250.129883,3273.459961,3232.72998,3270.52002,3270.52002,0
11/13/2017,3260.72998,3263.040039,3238.330078,3246.719971,3246.719971,0
11/14/2017,3236.439941,3237.290039,3165.159912,3195.780029,3195.780029,0
11/15/2017,3182.75,3222.52002,3163.969971,3207.040039,3207.040039,0
11/16/2017,3217.97998,3259.090088,3213.23999,3254.889893,3254.889893,0
11/17/2017,3247.530029,3263.77002,3238.810059,3258.189941,3258.189941,0
11/20/2017,3261.939941,3262.169922,3224.040039,3227.26001,3227.26001,0
11/21/2017,3237.26001,3259.429932,3236.050049,3254.100098,3254.100098,0
11/22/2017,3260.389893,3274.389893,3257.820068,3270.840088,3270.840088,0
11/24/2017,3275.310059,3282.719971,3266.070068,3273.350098,3273.350098,0
11/27/2017,3277.409912,3283.719971,3245.959961,3251.76001,3251.76001,0
11/28/2017,3263.090088,3263.679932,3229.97998,3260.47998,3260.47998,0
11/29/2017,3266.590088,3296.679932,3242.389893,3257.939941,3257.939941,0
11/30/2017,3272.679932,3309.919922,3272.330078,3307.850098,3307.850098,0
12/1/2017,3301,3338.320068,3248.300049,3316.340088,3316.340088,0
12/4/2017,3337.72998,3357.560059,3260.070068,3262.389893,3262.389893,0
12/5/2017,3263.639893,3300.330078,3241.429932,3244.600098,3244.600098,0
12/6/2017,3243.629883,3250.459961,3190.050049,3224.310059,3224.310059,0
12/7/2017,3243.810059,3280.860107,3223.419922,3269.830078,3269.830078,0
12/8/2017,3294.050049,3344.689941,3293.429932,3338.699951,3338.699951,0
12/11/2017,3368.360107,3371.050049,3324.379883,3338.080078,3338.080078,0
12/12/2017,3336.360107,3337.320068,3308.129883,3321.51001,3321.51001,0
12/13/2017,3325.949951,3368.659912,3322.75,3353.280029,3353.280029,0
12/14/2017,3362.060059,3366.550049,3292.419922,3301.159912,3301.159912,0
12/15/2017,3306.629883,3347.219971,3295.280029,3346.719971,3346.719971,0
12/18/2017,3365.149902,3371.110107,3337.409912,3340.379883,3340.379883,0
12/19/2017,3341.949951,3356.870117,3327.050049,3332.689941,3332.689941,0
12/20/2017,3346.919922,3359.610107,3336.820068,3349.899902,3349.899902,0
12/21/2017,3344.719971,3370.77002,3344.689941,3356.469971,3356.469971,0
12/22/2017,3340.969971,3372.860107,3339.01001,3363.52002,3363.52002,0
12/26/2017,3359.649902,3379.780029,3356.01001,3377.449951,3377.449951,0
12/27/2017,3383.01001,3399.22998,3376.800049,3382.889893,3382.889893,0
12/28/2017,3390.840088,3396.48999,3366.159912,3389.209961,3389.209961,0
12/29/2017,3395.360107,3402.830078,3355.620117,3356.610107,3356.610107,0
1/2/2018,3378.639893,3441.629883,3360.110107,3440.669922,3440.669922,0
1/3/2018,3448.199951,3495.580078,3434.810059,3485.919922,3485.919922,0
1/4/2018,3498.709961,3498.820068,3443.580078,3456.189941,3456.189941,0
1/5/2018,3468.070068,3471.669922,3434.669922,3454.080078,3454.080078,0
1/8/2018,3451.629883,3454.77002,3383.040039,3406.080078,3406.080078,0
1/9/2018,3423.929932,3485.370117,3422.649902,3474.399902,3474.399902,0
1/10/2018,3464.659912,3491.27002,3436.699951,3489.560059,3489.560059,0
1/11/2018,3494.100098,3505.949951,3469.149902,3499.790039,3499.790039,0
1/12/2018,3506.51001,3528.629883,3498.51001,3522.909912,3522.909912,0
1/16/2018,3538.709961,3561.26001,3473.25,3476.330078,3476.330078,0
1/17/2018,3503.040039,3519.47998,3478.889893,3505.570068,3505.570068,0
1/18/2018,3499.889893,3506.149902,3469.27002,3500.77002,3500.77002,0
1/19/2018,3506.97998,3526.830078,3501.969971,3523.969971,3523.969971,0
1/22/2018,3567.379883,3635.139893,3562.98999,3635.139893,3635.139893,0
1/23/2018,3638.669922,3691.320068,3634.199951,3676.300049,3676.300049,0
1/24/2018,3680.959961,3688.060059,3615.300049,3645.409912,3645.409912,0
1/25/2018,3681.159912,3681.419922,3636.590088,3670.540039,3670.540039,0
1/26/2018,3691.679932,3722.01001,3690.23999,3714.810059,3714.810059,0
1/29/2018,3706.570068,3749.47998,3703.629883,3727.02002,3727.02002,0
1/30/2018,3682.01001,3694.290039,3647.76001,3657.97998,3657.97998,0
1/31/2018,3671.459961,3681.550049,3579.080078,3590.23999,3590.23999,0
2/1/2018,3583.47998,3606.100098,3565.72998,3589.610107,3589.610107,0
2/2/2018,3559.929932,3585.77002,3525.320068,3528.860107,3528.860107,0
2/5/2018,3508.530029,3535.610107,3373.780029,3373.790039,3373.790039,0
2/6/2018,3324.209961,3446.47998,3314.679932,3440.959961,3440.959961,0
2/7/2018,3426.389893,3485.070068,3424.26001,3442.120117,3442.120117,0
2/8/2018,3448.469971,3461.879883,3297.149902,3297.149902,3297.149902,0
2/9/2018,3327.800049,3351.590088,3181.850098,3325.719971,3325.719971,0
2/12/2018,3353.379883,3408.879883,3332.060059,3377.98999,3377.98999,0
2/13/2018,3358.570068,3390.219971,3336.98999,3384.72998,3384.72998,0
2/14/2018,3352.540039,3464.320068,3352.540039,3448.879883,3448.879883,0
2/15/2018,3471.709961,3488.459961,3436.27002,3483.179932,3483.179932,0
2/16/2018,3477.530029,3504.969971,3457.159912,3470.149902,3470.149902,0
2/20/2018,3454.179932,3482.98999,3425.409912,3433.840088,3433.840088,0
2/21/2018,3439.73999,3497.810059,3428.409912,3428.590088,3428.590088,0
2/22/2018,3452.030029,3466.52002,3407.590088,3410.040039,3410.040039,0
2/23/2018,3437.25,3482.540039,3402.449951,3482.129883,3482.129883,0
2/26/2018,3495.47998,3515.540039,3477.97998,3507.47998,3507.47998,0
2/27/2018,3502.439941,3517.060059,3461.100098,3461.100098,3461.100098,0
2/28/2018,3454.330078,3461.469971,3397.949951,3397.949951,3397.949951,0
3/1/2018,3395.959961,3417.919922,3340.02002,3366.409912,3366.409912,0
3/2/2018,3336.5,3455.169922,3336.139893,3450,3450,0
3/5/2018,3432.830078,3493.790039,3431.139893,3487.22998,3487.22998,0
3/6/2018,3494.320068,3503.879883,3461.219971,3493.689941,3493.689941,0
3/7/2018,3465.850098,3518.639893,3464.889893,3518.439941,3518.439941,0
3/8/2018,3528.879883,3542.72998,3504.709961,3540.280029,3540.280029,0
3/9/2018,3563.969971,3597.899902,3546.560059,3596.540039,3596.540039,0
3/12/2018,3602.409912,3615.669922,3578.820068,3605.959961,3605.959961,0
3/13/2018,3619.48999,3634.23999,3572.580078,3580.73999,3580.73999,0
3/14/2018,3600.02002,3604.77002,3562.72998,3576.560059,3576.560059,0
3/15/2018,3597.629883,3597.629883,3530.379883,3540.169922,3540.169922,0
3/16/2018,3552.189941,3567.280029,3540.51001,3544.030029,3544.030029,0
3/19/2018,3528.370117,3536.649902,3439.060059,3473.27002,3473.27002,0
3/20/2018,3482.620117,3487.350098,3455.22998,3474.98999,3474.98999,0
3/21/2018,3474.199951,3501.97998,3466.659912,3477.969971,3477.969971,0
3/22/2018,3441.810059,3475.669922,3394.350098,3395.570068,3395.570068,0
3/23/2018,3396.639893,3404.840088,3309.590088,3309.850098,3309.850098,0
3/26/2018,3367.590088,3401.860107,3306.459961,3399.060059,3399.060059,0
3/27/2018,3414.090088,3414.100098,3290.899902,3304.659912,3304.659912,0
3/28/2018,3323.5,3354.590088,3290.050049,3331.909912,3331.909912,0
3/29/2018,3350.169922,3390.120117,3321.639893,3354.399902,3354.399902,0
4/2/2018,3324.600098,3328.72998,3189.639893,3221.399902,3221.399902,0
4/3/2018,3240.699951,3245.669922,3176.560059,3235.5,3235.5,0
4/4/2018,3190.23999,3337.23999,3190.149902,3327.909912,3327.909912,0
4/5/2018,3346.840088,3347.070068,3266.310059,3275.25,3275.25,0
4/6/2018,3225.98999,3252.379883,3152.679932,3176.47998,3176.47998,0
4/9/2018,3221.649902,3284.929932,3210.899902,3233.080078,3233.080078,0
4/10/2018,3276.97998,3333.189941,3257.939941,3326.179932,3326.179932,0
4/11/2018,3300.439941,3355.929932,3299.939941,3313.169922,3313.169922,0
4/12/2018,3334.52002,3373.77002,3333.01001,3355.340088,3355.340088,0
4/13/2018,3371.719971,3372.02002,3315.02002,3330.139893,3330.139893,0
4/16/2018,3359.790039,3359.889893,3305.870117,3309.540039,3309.540039,0
4/17/2018,3334.590088,3384.449951,3327.909912,3373.629883,3373.629883,0
4/18/2018,3381.189941,3395.969971,3367.580078,3375.290039,3375.290039,0
4/19/2018,3362.72998,3384.090088,3320.52002,3328.320068,3328.320068,0
4/20/2018,3327.659912,3331.360107,3291.659912,3300.340088,3300.340088,0
4/23/2018,3305.540039,3319.72998,3275.969971,3294.169922,3294.169922,0
4/24/2018,3300.77002,3302.810059,3230.080078,3245.540039,3245.540039,0
4/25/2018,3255.27002,3266.110107,3218.070068,3244.030029,3244.030029,0
4/26/2018,3265.810059,3329,3256.889893,3311.629883,3311.629883,0
4/27/2018,3313.780029,3324.909912,3289.340088,3321.25,3321.25,0
4/30/2018,3328.580078,3330.47998,3254.840088,3254.850098,3254.850098,0
5/1/2018,3251.919922,3272.889893,3226.169922,3270.889893,3270.889893,0
5/2/2018,3241.179932,3265.77002,3225.840088,3227.879883,3227.879883,0
5/3/2018,3218.330078,3239.360107,3158.870117,3182.219971,3182.219971,0
5/4/2018,3181.929932,3235.189941,3181.929932,3218.909912,3218.909912,0
5/7/2018,3235.800049,3247.040039,3224.469971,3238.01001,3238.01001,0
5/8/2018,3232.620117,3236.959961,3200.139893,3218.77002,3218.77002,0
5/9/2018,3223.050049,3275.649902,3209.030029,3264.439941,3264.439941,0
5/10/2018,3267.75,3293.47998,3252.560059,3263.959961,3263.959961,0
5/11/2018,3265.540039,3360.149902,3265.080078,3351.350098,3351.350098,0
5/14/2018,3360.409912,3408.780029,3360.409912,3387.51001,3387.51001,0
5/15/2018,3366.219971,3366.219971,3341.560059,3349.419922,3349.419922,0
5/16/2018,3353.540039,3391.399902,3349.100098,3380.300049,3380.300049,0
5/17/2018,3375.610107,3384.120117,3356.889893,3381.159912,3381.159912,0
5/18/2018,3383.939941,3398.080078,3371.719971,3386.429932,3386.429932,0
5/21/2018,3401.320068,3405.25,3330.26001,3341.580078,3341.580078,0
5/22/2018,3349.800049,3374.939941,3339.689941,3355.310059,3355.310059,0
5/23/2018,3337.320068,3382.02002,3337.100098,3372.070068,3372.070068,0
5/24/2018,3375.169922,3386.449951,3358.560059,3372.100098,3372.100098,0
5/25/2018,3373.330078,3386.399902,3372.169922,3379.419922,3379.419922,0
5/29/2018,3359.320068,3381.620117,3329.330078,3363.320068,3363.320068,0
5/30/2018,3377.51001,3418.360107,3377.169922,3410.350098,3410.350098,0
5/31/2018,3411.280029,3433.219971,3387.77002,3407.379883,3407.379883,0
6/1/2018,3423.209961,3459.530029,3415.850098,3451.310059,3451.310059,0
6/4/2018,3437.620117,3440.669922,3383.669922,3428.820068,3428.820068,0
6/5/2018,3434.179932,3453.659912,3410.23999,3430.709961,3430.709961,0
6/6/2018,3442.300049,3479.25,3431.790039,3474.550049,3474.550049,0
6/7/2018,3480.649902,3487.919922,3429.98999,3446.27002,3446.27002,0
6/8/2018,3440.669922,3470.47998,3435.360107,3463.959961,3463.959961,0
6/11/2018,3465.830078,3467.620117,3447.330078,3455.780029,3455.780029,0
6/12/2018,3460.629883,3496.659912,3459.159912,3485.209961,3485.209961,0
6/13/2018,3491.129883,3511.050049,3463.320068,3472.23999,3472.23999,0
6/14/2018,3477.73999,3505.77002,3469.090088,3500.01001,3500.01001,0
6/15/2018,3488.76001,3509.120117,3476.620117,3494.360107,3494.360107,0
6/18/2018,3464.909912,3471.959961,3439.649902,3468.199951,3468.199951,0
6/19/2018,3447.030029,3521.189941,3447.02002,3520.780029,3520.780029,0
6/20/2018,3536.590088,3578.959961,3530.98999,3577.429932,3577.429932,0
6/21/2018,3572.909912,3574.310059,3529.030029,3535.350098,3535.350098,0
6/22/2018,3547.129883,3547.409912,3510.51001,3525.449951,3525.449951,0
6/25/2018,3511.429932,3519.379883,3437.76001,3460.850098,3460.850098,0
6/26/2018,3471.139893,3478.090088,3417.76001,3449.5,3449.5,0
6/27/2018,3454.429932,3462.870117,3375.689941,3376.530029,3376.530029,0
6/28/2018,3378.939941,3406.280029,3342.810059,3397.090088,3397.090088,0
6/29/2018,3433.389893,3482.120117,3433.389893,3453.429932,3453.429932,0
7/2/2018,3437.060059,3485.620117,3421.449951,3484.419922,3484.419922,0
7/3/2018,3494.719971,3510.459961,3478.850098,3487.419922,3487.419922,0
7/5/2018,3504.409912,3527.969971,3486.449951,3525.399902,3525.399902,0
7/6/2018,3592.73999,3657.090088,3587.629883,3656.5,3656.5,0
7/9/2018,3671.379883,3676.899902,3650.02002,3676.800049,3676.800049,0
7/10/2018,3681.419922,3681.419922,3652.659912,3669.649902,3669.649902,0
7/11/2018,3645.77002,3673.929932,3641.879883,3661.530029,3661.530029,0
7/12/2018,3684.360107,3718.969971,3672.26001,3718.52002,3718.52002,0
7/13/2018,3717.409912,3736.5,3709.47998,3724.209961,3724.209961,0
7/16/2018,3724.23999,3724.370117,3684.199951,3696.48999,3696.48999,0
7/17/2018,3682.030029,3731.060059,3682.030029,3722.899902,3722.899902,0
7/18/2018,3717.419922,3723.850098,3698.570068,3720.600098,3720.600098,0
7/19/2018,3709.830078,3735.820068,3688.179932,3725.070068,3725.070068,0
7/20/2018,3720.830078,3734.820068,3713.090088,3719.939941,3719.939941,0
7/23/2018,3712.300049,3728.47998,3710.889893,3718.840088,3718.840088,0
7/24/2018,3760.929932,3776.25,3690.320068,3711.709961,3711.709961,0
7/25/2018,3712.179932,3755.800049,3709.629883,3754.280029,3754.280029,0
7/26/2018,3712.47998,3732.580078,3678,3707.820068,3707.820068,0
7/27/2018,3715.02002,3715.51001,3608.050049,3630.709961,3630.709961,0
7/30/2018,3621.409912,3627.429932,3585.870117,3593.370117,3593.370117,0
7/31/2018,3616.459961,3673.75,3616.26001,3666.379883,3666.379883,0
8/1/2018,3666.5,3696.590088,3663.689941,3687.850098,3687.850098,0
8/2/2018,3666.969971,3723.370117,3660.5,3717.73999,3717.73999,0
8/3/2018,3723.080078,3724,3677.48999,3683.860107,3683.860107,0
8/6/2018,3681.76001,3694.550049,3663.780029,3682.080078,3682.080078,0
8/7/2018,3697.870117,3730.030029,3697.26001,3726.23999,3726.23999,0
8/8/2018,3707.350098,3710.800049,3681.27002,3699,3699,0
8/9/2018,3694.5,3730.75,3685.070068,3694.360107,3694.360107,0
8/10/2018,3676.639893,3708.189941,3669.080078,3677.629883,3677.629883,0
8/13/2018,3676.350098,3684.23999,3647.590088,3667.02002,3667.02002,0
8/14/2018,3676.27002,3705.590088,3676.27002,3689.969971,3689.969971,0
8/15/2018,3666.370117,3668.969971,3621.689941,3625.560059,3625.560059,0
8/16/2018,3641.73999,3667.419922,3621.429932,3659.189941,3659.189941,0
8/17/2018,3654.780029,3667.879883,3630.929932,3656.600098,3656.600098,0
8/20/2018,3669.429932,3670.139893,3637.75,3649.26001,3649.26001,0
8/21/2018,3655.76001,3696.27002,3653.25,3686.629883,3686.629883,0
8/22/2018,3677.870117,3719.899902,3676.709961,3714.48999,3714.48999,0
8/23/2018,3712.5,3715.169922,3667.5,3689.679932,3689.679932,0
8/24/2018,3695.060059,3705.310059,3683.5,3695.949951,3695.949951,0
8/27/2018,3714.830078,3766.459961,3714.139893,3761.100098,3761.100098,0
8/28/2018,3765.949951,3775.439941,3757.110107,3774.75,3774.75,0
8/29/2018,3779.77002,3830.01001,3771.189941,3825.060059,3825.060059,0
8/30/2018,3821.899902,3852.290039,3821.050049,3840.610107,3840.610107,0
8/31/2018,3834.340088,3853.189941,3826.620117,3842.659912,3842.659912,0
9/4/2018,3829.27002,3830.219971,3770.889893,3804.600098,3804.600098,0
9/5/2018,3797.719971,3810.570068,3775.399902,3794.050049,3794.050049,0
9/6/2018,3796.120117,3796.72998,3714.280029,3723.169922,3723.169922,0
9/7/2018,3705.620117,3730.699951,3685.080078,3703.860107,3703.860107,0
9/10/2018,3725.350098,3726.610107,3699.100098,3712.449951,3712.449951,0
9/11/2018,3703.77002,3711.399902,3676.47998,3697.340088,3697.340088,0
9/12/2018,3705.23999,3713.110107,3665.02002,3699.070068,3699.070068,0
9/13/2018,3714.600098,3733.679932,3700,3724.590088,3724.590088,0
9/14/2018,3731.01001,3735.449951,3694,3703.26001,3703.26001,0
9/17/2018,3700,3704.439941,3647.590088,3653.100098,3653.100098,0
9/18/2018,3658.300049,3708.300049,3650.830078,3697.459961,3697.459961,0
9/19/2018,3696.469971,3716.780029,3690.889893,3699.030029,3699.030029,0
9/20/2018,3713.5,3753.110107,3713.399902,3751.669922,3751.669922,0
9/21/2018,3756.25,3768.790039,3719.25,3730.949951,3730.949951,0
9/24/2018,3738.959961,3774.399902,3736.02002,3773.330078,3773.330078,0
9/25/2018,3786.129883,3804.689941,3776.47998,3777.969971,3777.969971,0
9/26/2018,3791.959961,3829.620117,3789.48999,3794.27002,3794.27002,0
9/27/2018,3795.070068,3840.360107,3789.840088,3829.860107,3829.860107,0
9/28/2018,3827.25,3846.050049,3817.909912,3835.459961,3835.459961,0
10/1/2018,3856.639893,3865.879883,3799.310059,3804.080078,3804.080078,0
10/2/2018,3806.429932,3814.75,3772.429932,3783.959961,3783.959961,0
10/3/2018,3794.540039,3824.280029,3770.399902,3812.429932,3812.429932,0
10/4/2018,3799.719971,3799.75,3681.709961,3702.949951,3702.949951,0
10/5/2018,3698.889893,3729.050049,3612.98999,3667.290039,3667.290039,0
10/8/2018,3652.969971,3670.27002,3596.129883,3635.98999,3635.98999,0
10/9/2018,3626.659912,3660.159912,3614.48999,3622.26001,3622.26001,0
10/10/2018,3607.919922,3620.100098,3497.060059,3498.209961,3498.209961,0
10/11/2018,3488.560059,3515.159912,3406.409912,3429.52002,3429.52002,0
10/12/2018,3493.699951,3509.320068,3441.820068,3499.860107,3499.860107,0
10/15/2018,3488.030029,3498.649902,3454.209961,3463.790039,3463.790039,0
10/16/2018,3489.290039,3617.060059,3488.219971,3613.47998,3613.47998,0
10/17/2018,3604.919922,3612.139893,3556.169922,3608.560059,3608.560059,0
10/18/2018,3606.389893,3606.459961,3520.26001,3552.25,3552.25,0
10/19/2018,3564.459961,3591.77002,3493.419922,3496.929932,3496.929932,0
10/22/2018,3509.969971,3511.469971,3417.850098,3446.850098,3446.850098,0
10/23/2018,3401,3470.110107,3354.649902,3432.27002,3432.27002,0
10/24/2018,3429.530029,3443.679932,3213.02002,3216.699951,3216.699951,0
10/25/2018,3216.76001,3311.090088,3187.659912,3272.97998,3272.97998,0
10/26/2018,3200.870117,3300.350098,3192.23999,3259.97998,3259.97998,0
10/29/2018,3315.820068,3321.899902,3167.879883,3225.350098,3225.350098,0
10/30/2018,3220.120117,3272.639893,3210.47998,3260.550049,3260.550049,0
10/31/2018,3290.620117,3316.399902,3262.620117,3275.659912,3275.659912,0
11/1/2018,3287.409912,3412.179932,3287.139893,3409.679932,3409.679932,0
11/2/2018,3434.159912,3464.040039,3371.370117,3401.189941,3401.189941,0
11/5/2018,3412.370117,3418.310059,3359.110107,3399.610107,3399.610107,0
11/6/2018,3404.51001,3435.879883,3396.570068,3412.76001,3412.76001,0
11/7/2018,3433.040039,3497.840088,3425.129883,3496.179932,3496.179932,0
11/8/2018,3488.649902,3504.870117,3457.330078,3461.840088,3461.840088,0
11/9/2018,3443.899902,3443.899902,3364.040039,3389.090088,3389.090088,0
11/12/2018,3385,3386.709961,3277.209961,3284.969971,3284.969971,0
11/13/2018,3304.189941,3342.26001,3267,3271.899902,3271.899902,0
11/14/2018,3295.669922,3300.530029,3192.159912,3206.639893,3206.639893,0
11/15/2018,3192.76001,3285.830078,3185.659912,3278.649902,3278.649902,0
11/16/2018,3264.679932,3317.139893,3253.100098,3304.189941,3304.189941,0
11/19/2018,3303.5,3304.129883,3205.949951,3231.149902,3231.149902,0
11/20/2018,3209.449951,3248.780029,3174.959961,3211.850098,3211.850098,0
11/21/2018,3230.280029,3250.209961,3215.790039,3236,3236,0
11/23/2018,3210.969971,3291.959961,3209.820068,3251.080078,3251.080078,0
11/26/2018,3288.969971,3315.98999,3269.110107,3304.909912,3304.909912,0
11/27/2018,3277.679932,3302.209961,3257.459961,3293.27002,3293.27002,0
11/28/2018,3303.959961,3385.23999,3281.449951,3384.959961,3384.959961,0
11/29/2018,3363.050049,3409.350098,3360.540039,3379.399902,3379.399902,0
11/30/2018,3380.129883,3430.320068,3370.110107,3429.340088,3429.340088,0
12/3/2018,3485.830078,3507.469971,3448.399902,3473.399902,3473.399902,0
12/4/2018,3474.090088,3506.050049,3347.040039,3351.27002,3351.27002,0
12/6/2018,3299.830078,3364.780029,3272.300049,3364.199951,3364.199951,0
12/7/2018,3348.060059,3366.310059,3240.419922,3255.159912,3255.159912,0
12/10/2018,3262.129883,3278.820068,3188.830078,3269.800049,3269.800049,0
12/11/2018,3309.300049,3324.409912,3244.870117,3274.47998,3274.47998,0
12/12/2018,3307.97998,3351.659912,3302.439941,3316.97998,3316.97998,0
12/13/2018,3324.050049,3333.030029,3247.649902,3264.169922,3264.169922,0
12/14/2018,3235.77002,3255.01001,3197.639893,3204.219971,3204.219971,0
12/17/2018,3195.48999,3248.300049,3125.149902,3146.310059,3146.310059,0
12/18/2018,3170.050049,3172.929932,3053.77002,3088,3088,0
12/19/2018,3092.97998,3138.659912,2991.149902,3025.780029,3025.780029,0
12/20/2018,3017.76001,3029.25,2939.409912,2969.77002,2969.77002,0
12/21/2018,2988.310059,2988.310059,2844.120117,2850.469971,2850.469971,0
12/24/2018,2827.48999,2878.030029,2801.139893,2816.540039,2816.540039,0
12/26/2018,2835.280029,2990.47998,2834.899902,2990.219971,2990.219971,0
12/27/2018,2939.879883,2989.01001,2878.780029,2988.01001,2988.01001,0
12/28/2018,3001.360107,3037.209961,2968.840088,2985.330078,2985.330078,0
12/31/2018,3007.97998,3049.419922,3003.870117,3043.620117,3043.620117,0
1/2/2019,2991.919922,3070.300049,2990.379883,3061.26001,3061.26001,0
1/3/2019,3145.300049,3151.27002,3069.719971,3071.679932,3071.679932,0
1/4/2019,3124.629883,3235.719971,3123.310059,3228.219971,3228.219971,0
1/7/2019,3269.590088,3356.820068,3268.26001,3335.040039,3335.040039,0
1/8/2019,3359.530029,3362.590088,3287.070068,3357.5,3357.5,0
1/9/2019,3368.699951,3398.090088,3360.469971,3379.209961,3379.209961,0
1/10/2019,3364.909912,3425.610107,3340.560059,3425.429932,3425.429932,0
1/11/2019,3408.620117,3432.159912,3396.689941,3428.669922,3428.669922,0
1/14/2019,3403.610107,3404.070068,3367.459961,3368.590088,3368.590088,0
1/15/2019,3376.550049,3435.709961,3372.409912,3434.860107,3434.860107,0
1/16/2019,3430.969971,3475.909912,3413.659912,3414.959961,3414.959961,0
1/17/2019,3406.620117,3472.600098,3406.51001,3452.909912,3452.909912,0
1/18/2019,3463.389893,3476.310059,3425.120117,3475.330078,3475.330078,0
1/22/2019,3448.47998,3449.060059,3398.689941,3416.27002,3416.27002,0
1/23/2019,3422.149902,3450.050049,3352.879883,3389.389893,3389.389893,0
1/24/2019,3389.389893,3402.139893,3372.449951,3391.169922,3391.169922,0
1/25/2019,3412.699951,3442.090088,3393.840088,3440.909912,3440.909912,0
1/28/2019,3400.919922,3409.48999,3356.580078,3370.699951,3370.699951,0
1/29/2019,3371.540039,3388.5,3352.629883,3377.909912,3377.909912,0
1/30/2019,3365.959961,3404.409912,3335.100098,3402.719971,3402.719971,0
1/31/2019,3403.169922,3454.189941,3400.679932,3451.360107,3451.360107,0
2/1/2019,3451.330078,3474.050049,3435.149902,3469.51001,3469.51001,0
2/4/2019,3465.860107,3466.620117,3433.5,3466.620117,3466.620117,0
2/5/2019,3461.080078,3497.199951,3447.030029,3462.02002,3462.02002,0
2/6/2019,3466.610107,3476.26001,3434.709961,3455.409912,3455.409912,0
2/7/2019,3431.050049,3431.100098,3356.070068,3369.310059,3369.310059,0
2/8/2019,3348.340088,3391.419922,3347.429932,3390.800049,3390.800049,0
2/11/2019,3405.25,3411.48999,3383.370117,3408.280029,3408.280029,0
2/12/2019,3415.409912,3443.5,3413.310059,3442.560059,3442.560059,0
2/13/2019,3455.22998,3473.219971,3444.27002,3452,3452,0
2/14/2019,3444.340088,3473.840088,3434.580078,3462.439941,3462.439941,0
2/15/2019,3480.27002,3521.429932,3476.23999,3520.689941,3520.689941,0
2/19/2019,3514.23999,3532.98999,3498.159912,3500.899902,3500.899902,0
2/20/2019,3504.149902,3510.719971,3462.149902,3492.790039,3492.790039,0
2/21/2019,3486.689941,3489.370117,3419.629883,3428.689941,3428.689941,0
2/22/2019,3438.550049,3483.889893,3431.330078,3482.399902,3482.399902,0
2/25/2019,3530.330078,3560.02002,3529.600098,3552.050049,3552.050049,0
2/26/2019,3539.070068,3561.51001,3527.149902,3537.620117,3537.620117,0
2/27/2019,3534.72998,3595.02002,3532.429932,3590.189941,3590.189941,0
2/28/2019,3556.889893,3567.590088,3528.070068,3543.409912,3543.409912,0
3/1/2019,3567.409912,3620.75,3558.540039,3619.47998,3619.47998,0
3/4/2019,3641.47998,3646.159912,3539.01001,3584.100098,3584.100098,0
3/5/2019,3582.919922,3606.02002,3561.189941,3567,3567,0
3/6/2019,3564.439941,3565.310059,3453.48999,3454.949951,3454.949951,0
3/7/2019,3452.51001,3458.469971,3407.5,3431.72998,3431.72998,0
3/8/2019,3395.98999,3418.870117,3384.290039,3414.129883,3414.129883,0
3/11/2019,3424.639893,3489.23999,3424.120117,3488.360107,3488.360107,0
3/12/2019,3498.26001,3532.620117,3491.709961,3515.030029,3515.030029,0
3/13/2019,3530.379883,3566.030029,3524.679932,3562.97998,3562.97998,0
3/14/2019,3567.389893,3577.669922,3536.290039,3548,3548,0
3/15/2019,3559.870117,3590.429932,3559.870117,3587.110107,3587.110107,0
3/18/2019,3592.72998,3611.310059,3559.409912,3579.219971,3579.219971,0
3/19/2019,3589.600098,3594.280029,3570.280029,3578.610107,3578.610107,0
3/20/2019,3577.209961,3588.780029,3532.77002,3553.830078,3553.830078,0
3/21/2019,3464.01001,3517.139893,3461.840088,3516.47998,3516.47998,0
3/22/2019,3501,3507.47998,3398.209961,3399.139893,3399.139893,0
3/25/2019,3400.320068,3416.889893,3364.610107,3404.840088,3404.840088,0
3/26/2019,3429.280029,3467.159912,3429.219971,3465.459961,3465.459961,0
3/27/2019,3465.48999,3469.699951,3389.840088,3417.48999,3417.48999,0
3/28/2019,3429.199951,3454.330078,3417.120117,3439.070068,3439.070068,0
3/29/2019,3483.320068,3519.22998,3479.76001,3512.290039,3512.290039,0
4/1/2019,3539.629883,3544.530029,3510.820068,3517.179932,3517.179932,0
4/2/2019,3518.429932,3558.290039,3514.689941,3547.050049,3547.050049,0
4/3/2019,3566.120117,3574.139893,3540.590088,3565.070068,3565.070068,0
4/4/2019,3563,3578.77002,3521.580078,3550.199951,3550.199951,0
4/5/2019,3563.48999,3614.98999,3563.48999,3614.149902,3614.149902,0
4/8/2019,3610.689941,3610.689941,3564.790039,3594.75,3594.75,0
4/9/2019,3579.47998,3582.169922,3530.310059,3536.689941,3536.689941,0
4/10/2019,3551.639893,3582.030029,3542.939941,3580.050049,3580.050049,0
4/11/2019,3586.689941,3586.830078,3505.77002,3514.189941,3514.189941,0
4/12/2019,3536.439941,3537.560059,3481.47998,3487.159912,3487.159912,0
4/15/2019,3494.340088,3500.22998,3442.689941,3470.909912,3470.909912,0
4/16/2019,3489.879883,3498.070068,3429.889893,3439.709961,3439.709961,0
4/17/2019,3447.459961,3449.26001,3285.459961,3301.540039,3301.540039,0
4/18/2019,3309.23999,3329.800049,3234.280029,3286.560059,3286.560059,0
4/22/2019,3285.610107,3308.429932,3263.070068,3287.370117,3287.370117,0
4/23/2019,3288.870117,3373.090088,3284.969971,3358.98999,3358.98999,0
4/24/2019,3366.379883,3366.379883,3312.090088,3318.169922,3318.169922,0
4/25/2019,3310.219971,3363.669922,3292.820068,3356.060059,3356.060059,0
4/26/2019,3358.399902,3375.72998,3332.909912,3374.25,3374.25,0
4/29/2019,3373.610107,3389.560059,3354.919922,3372.560059,3372.560059,0
4/30/2019,3377.699951,3381.929932,3312.939941,3343,3343,0
5/1/2019,3338.300049,3361.77002,3312.97998,3315.679932,3315.679932,0
5/2/2019,3313.73999,3345.469971,3292.320068,3333.090088,3333.090088,0
5/3/2019,3347.790039,3395.27002,3342.199951,3394.159912,3394.159912,0
5/6/2019,3333.889893,3426.48999,3331.139893,3422.719971,3422.719971,0
5/7/2019,3385.620117,3397.810059,3295.820068,3317.120117,3317.120117,0
5/8/2019,3306.399902,3343.169922,3286.570068,3320.73999,3320.73999,0
5/9/2019,3292.280029,3313.290039,3248.179932,3313.290039,3313.290039,0
5/10/2019,3294.72998,3309.719971,3240.830078,3299.77002,3299.77002,0
5/13/2019,3230.51001,3242.699951,3172.830078,3182.469971,3182.469971,0
5/14/2019,3198.320068,3242.399902,3188.76001,3224.110107,3224.110107,0
5/15/2019,3199.179932,3253.709961,3193.889893,3247.719971,3247.719971,0
5/16/2019,3261.689941,3306.02002,3261.159912,3282.080078,3282.080078,0
5/17/2019,3260.669922,3294.379883,3251.879883,3258.090088,3258.090088,0
5/20/2019,3234.73999,3236.110107,3209.370117,3212.080078,3212.080078,0
5/21/2019,3235.699951,3283.290039,3228.860107,3280.469971,3280.469971,0
5/22/2019,3268.5,3299.659912,3245.189941,3287.090088,3287.090088,0
5/23/2019,3266.149902,3266.919922,3236.75,3258.679932,3258.679932,0
5/24/2019,3275.879883,3302.939941,3265.669922,3274.810059,3274.810059,0
5/28/2019,3274.149902,3290.580078,3230.77002,3232.26001,3232.26001,0
5/29/2019,3210.649902,3217.5,3179.090088,3199.02002,3199.02002,0
5/30/2019,3207.459961,3220.610107,3176.110107,3196.209961,3196.209961,0
5/31/2019,3162.040039,3172.899902,3137.669922,3139.22998,3139.22998,0
6/3/2019,3157.580078,3209.649902,3156.909912,3176.860107,3176.860107,0
6/4/2019,3208.679932,3243.51001,3188.959961,3242.830078,3242.830078,0
6/5/2019,3257.449951,3257.810059,3219.810059,3243.810059,3243.810059,0
6/6/2019,3244.889893,3255.139893,3204.01001,3207.070068,3207.070068,0
6/7/2019,3226.429932,3265.790039,3213.419922,3260.679932,3260.679932,0
6/10/2019,3269.129883,3281.449951,3243.689941,3244.959961,3244.959961,0
6/11/2019,3266.600098,3269.98999,3222.100098,3225.600098,3225.600098,0
6/12/2019,3229.439941,3249.120117,3214.830078,3248.439941,3248.439941,0
6/13/2019,3253.689941,3270.810059,3240.100098,3270.02002,3270.02002,0
6/14/2019,3266.449951,3274.02002,3232.860107,3235.969971,3235.969971,0
6/17/2019,3270.310059,3337.379883,3269.629883,3333.719971,3333.719971,0
6/18/2019,3360.75,3395.649902,3351.840088,3376.300049,3376.300049,0
6/19/2019,3377.399902,3398.01001,3370.580078,3396.399902,3396.399902,0
6/20/2019,3431.360107,3457.790039,3398.080078,3414.679932,3414.679932,0
6/21/2019,3409.090088,3438.209961,3377.459961,3437.139893,3437.139893,0
6/24/2019,3429.709961,3430.629883,3360.649902,3361.72998,3361.72998,0
6/25/2019,3372.73999,3403.72998,3353.030029,3359.47998,3359.47998,0
6/26/2019,3366.330078,3370.639893,3315.209961,3323.139893,3323.139893,0
6/27/2019,3333.469971,3374.659912,3331.98999,3372.5,3372.5,0
6/28/2019,3380.550049,3430.219971,3377.570068,3427.98999,3427.98999,0
7/1/2019,3465.620117,3467.449951,3431.810059,3447.860107,3447.860107,210700
7/2/2019,3453.419922,3453.439941,3424.830078,3447.590088,3447.590088,202100
7/3/2019,3457.330078,3457.330078,3457.330078,3457.330078,3457.330078,133300
7/5/2019,3469.709961,3481.689941,3429.919922,3435.560059,3435.560059,207000
7/8/2019,3422.320068,3435.560059,3353.969971,3382.530029,3382.530029,223000
7/9/2019,3364.320068,3418.879883,3360.439941,3418.389893,3418.389893,178200
7/10/2019,3424.840088,3439.550049,3371.669922,3408.570068,3408.570068,163000
7/11/2019,3400.909912,3400.909912,3328.219971,3359.120117,3359.120117,157700
7/12/2019,3329.5,3329.889893,3301.649902,3313.959961,3313.959961,149000
7/15/2019,3324.659912,3343.709961,3313.840088,3334.810059,3334.810059,141200
7/16/2019,3339.540039,3340.790039,3315.860107,3316.25,3316.25,152900
7/17/2019,3324.850098,3338.699951,3305.399902,3320.030029,3320.030029,172600
7/18/2019,3315.290039,3352.72998,3314.080078,3347.76001,3347.76001,180800
7/19/2019,3346.570068,3351.649902,3295.449951,3296.25,3296.25,192800
7/22/2019,3302.649902,3321.919922,3294.810059,3303.929932,3303.929932,0
7/23/2019,3312.090088,3319.280029,3293.629883,3309.75,3309.75,185100
7/24/2019,3308.820068,3322.540039,3276.620117,3321.659912,3321.659912,168800
7/25/2019,3318.699951,3320.469971,3274.409912,3276.469971,3276.469971,180500
7/26/2019,3285.409912,3309.310059,3275.699951,3308.320068,3308.320068,180000
7/29/2019,3323.709961,3325.620117,3281.830078,3311.469971,3311.469971,251300
7/30/2019,3299.810059,3345.379883,3290.320068,3343.969971,3343.969971,180400
7/31/2019,3342.370117,3372.610107,3300.679932,3322.419922,3322.419922,212100
8/1/2019,3338.860107,3397.060059,3322.629883,3344.169922,3344.169922,226400
8/2/2019,3326.699951,3335.26001,3279.02002,3300.939941,3300.939941,192000
8/5/2019,3260.870117,3260.870117,3189.139893,3212.909912,3212.909912,236200
8/6/2019,3233.100098,3265.310059,3199.98999,3263.429932,3263.429932,207000
8/7/2019,3236.620117,3279.139893,3203.280029,3269.060059,3269.060059,204500
8/8/2019,3278.02002,3331.409912,3276.530029,3328.070068,3328.070068,235000
8/9/2019,3302.959961,3332.51001,3268.820068,3312.820068,3312.820068,254500
8/12/2019,3298.280029,3314.51001,3265.840088,3275.649902,3275.649902,200200
8/13/2019,3268.879883,3340.280029,3267.879883,3314.090088,3314.090088,196400
8/14/2019,3262.939941,3282.889893,3232.189941,3232.889893,3232.889893,219300
8/15/2019,3241.939941,3251.100098,3212.120117,3227.27002,3227.27002,175600
8/16/2019,3248.25,3301.98999,3246.02002,3299.179932,3299.179932,0
8/19/2019,3330.51001,3344.75,3308.879883,3337.169922,3337.169922,0
8/20/2019,3326.550049,3337.139893,3293.439941,3296.550049,3296.550049,0
8/21/2019,3319.949951,3335.550049,3309.090088,3332.360107,3332.360107,0
8/22/2019,3336.889893,3337.429932,3273.030029,3300.879883,3300.879883,0
8/23/2019,3292.800049,3315.060059,3202.209961,3212.77002,3212.77002,0
8/26/2019,3243.060059,3247.52002,3222.820068,3241.820068,3241.820068,0
8/27/2019,3260.899902,3274.790039,3196.620117,3209.659912,3209.659912,0
8/28/2019,3197.649902,3253.22998,3192.929932,3233.459961,3233.459961,131400
8/29/2019,3261.120117,3270.5,3237.080078,3257.040039,3257.040039,129100
8/30/2019,3260.209961,3261.560059,3216.110107,3234.620117,3234.620117,134900
9/3/2019,3219.879883,3235.439941,3165.219971,3174.040039,3174.040039,183600
9/4/2019,3199.27002,3199.580078,3152.52002,3180.879883,3180.879883,178700
9/5/2019,3203.48999,3228.570068,3183.800049,3218.76001,3218.76001,198400
9/6/2019,3221.080078,3238.899902,3208.050049,3212.330078,3212.330078,177700
9/9/2019,3219.429932,3219.429932,3173.780029,3196.320068,3196.320068,200900
9/10/2019,3181.800049,3237.110107,3160.969971,3236.909912,3236.909912,249800
9/11/2019,3242.98999,3292.209961,3241.300049,3292.209961,3292.209961,238600
9/12/2019,3293.469971,3300.429932,3259.330078,3270.179932,3270.179932,231100
9/13/2019,3279.01001,3303.02002,3270.97998,3275.51001,3275.51001,191200
9/16/2019,3267.219971,3308.209961,3261.090088,3301.52002,3301.52002,227700
9/17/2019,3294.040039,3311.209961,3279.189941,3303.800049,3303.800049,217100
9/18/2019,3298.290039,3298.320068,3246.48999,3276.469971,3276.469971,202000
9/19/2019,3283.340088,3308.679932,3277.840088,3286.659912,3286.659912,168100
9/20/2019,3285.570068,3324.179932,3284.159912,3312.73999,3312.73999,379900
9/23/2019,3310.52002,3317.389893,3282.72998,3283.530029,3283.530029,159200
9/24/2019,3293.540039,3293.679932,3198.360107,3214.189941,3214.189941,213300
9/25/2019,3216.47998,3227.459961,3194.47998,3206.340088,3206.340088,183300
9/26/2019,3206.879883,3206.879883,3130.25,3143.01001,3143.01001,175400
9/27/2019,3152.139893,3178.01001,3102.810059,3117.320068,3117.320068,199700
9/30/2019,3126.52002,3150.22998,3111.449951,3127.719971,3127.719971,205800
10/1/2019,3130.959961,3158.889893,3072.100098,3076.560059,3076.560059,212100
10/2/2019,3061.300049,3070.449951,3018.25,3052.820068,3052.820068,252300
10/3/2019,3051.469971,3104.929932,3035.810059,3104.929932,3104.929932,189800
10/4/2019,3114.090088,3134.219971,3083.97998,3129.790039,3129.790039,177100
10/7/2019,3122.330078,3149.060059,3117.550049,3125.280029,3125.280029,162700
10/8/2019,3097.179932,3104.580078,3060.449951,3063.159912,3063.159912,176200
10/9/2019,3089.780029,3093.26001,3068.290039,3070.51001,3070.51001,141100
10/10/2019,3078.699951,3113.810059,3075.48999,3111.709961,3111.709961,183700
10/11/2019,3142.159912,3175.159912,3141.330078,3150.560059,3150.560059,185800
10/14/2019,3146.939941,3187.870117,3142.620117,3162.219971,3162.219971,135500
10/15/2019,3176.73999,3227.360107,3176.570068,3220.189941,3220.189941,171800
10/16/2019,3212.310059,3231.689941,3211.52002,3214.27002,3214.27002,227200
10/17/2019,3228.820068,3247.830078,3226.409912,3238.610107,3238.610107,207900
10/18/2019,3236.320068,3247.639893,3192.120117,3213.879883,3213.879883,206600
10/21/2019,3240.040039,3265.350098,3222.389893,3263.439941,3263.439941,230800
10/22/2019,3340.850098,3364.860107,3308.679932,3309.800049,3309.800049,184600
10/23/2019,3309.580078,3340.620117,3300.189941,3318.300049,3318.300049,168700
10/24/2019,3328.149902,3328.149902,3302.159912,3320.050049,3320.050049,177500
10/25/2019,3286.629883,3325.110107,3278.5,3314.919922,3314.919922,223400
10/28/2019,3322.48999,3367.070068,3320.26001,3361.5,3361.5,187900
10/29/2019,3364.090088,3395.530029,3359.5,3377.840088,3377.840088,174300
10/30/2019,3380.370117,3385.25,3357.780029,3380.159912,3380.159912,170900
10/31/2019,3372.51001,3378.280029,3347.02002,3369.610107,3369.610107,188900
11/1/2019,3394.600098,3450.179932,3391.73999,3448.590088,3448.590088,206800
11/4/2019,3467.300049,3471.73999,3436.51001,3437.76001,3437.76001,208300
11/5/2019,3446.560059,3456.850098,3431.860107,3437.620117,3437.620117,250000
11/6/2019,3435.850098,3435.850098,3398.070068,3400.629883,3400.629883,231800
11/7/2019,3415.159912,3422.199951,3395.25,3401.389893,3401.389893,242400
11/8/2019,3390.22998,3469.699951,3383.209961,3469.610107,3469.610107,272300
11/11/2019,3459.199951,3460.379883,3438.659912,3455.199951,3455.199951,200300
11/12/2019,3457.899902,3496,3451.610107,3469.52002,3469.52002,242300
11/13/2019,3455.429932,3490.360107,3439.909912,3472.780029,3472.780029,231400
11/14/2019,3467,3472.25,3421.560059,3451.659912,3451.659912,208600
11/15/2019,3468.860107,3502.669922,3465.5,3502.669922,3502.669922,254000
11/18/2019,3501.959961,3505.810059,3473.820068,3496.090088,3496.090088,245000
11/19/2019,3517.23999,3571.540039,3517.23999,3560.830078,3560.830078,269200
11/20/2019,3546.149902,3597.97998,3544.97998,3581.050049,3581.050049,463300
11/21/2019,3582.780029,3592.129883,3556.860107,3590.370117,3590.370117,191300
11/22/2019,3602.25,3626.72998,3585.5,3621.040039,3621.040039,199300
11/25/2019,3660.389893,3714.909912,3660.060059,3713.280029,3713.280029,0
11/26/2019,3726.350098,3730.409912,3705.409912,3718.899902,3718.899902,356100
11/27/2019,3728.280029,3752.830078,3722.22998,3746.800049,3746.800049,209000
11/29/2019,3742.110107,3769.320068,3740.22998,3755,3755,158200
12/2/2019,3759.199951,3766.699951,3701.709961,3717.100098,3717.100098,268200
12/3/2019,3700.27002,3748.199951,3694.51001,3745.189941,3745.189941,282700
12/4/2019,3750.47998,3785.389893,3733.590088,3780.850098,3780.850098,248700
12/5/2019,3769.47998,3769.550049,3717.22998,3728.060059,3728.060059,333300
12/6/2019,3755.949951,3778.01001,3739.949951,3769.25,3769.25,240900
12/9/2019,3788.379883,3799.77002,3748.280029,3748.370117,3748.370117,324200
12/10/2019,3744.679932,3782.080078,3730.76001,3775.48999,3775.48999,0
12/11/2019,3779.47998,3794.780029,3745.030029,3750.949951,3750.949951,0
12/12/2019,3748.120117,3798.780029,3746.290039,3778.310059,3778.310059,0
12/13/2019,3782.469971,3823.090088,3766.72998,3779.98999,3779.98999,0
12/16/2019,3805.360107,3829.080078,3795.129883,3816.77002,3816.77002,0
12/17/2019,3821.469971,3821.76001,3782.870117,3799.689941,3799.689941,0
12/18/2019,3800.050049,3805.350098,3763.780029,3783.629883,3783.629883,0
12/19/2019,3795.139893,3803.919922,3769.570068,3802.850098,3802.850098,0
12/20/2019,3809.01001,3833.870117,3802.300049,3830.850098,3830.850098,434500
12/23/2019,3850.27002,3863.699951,3823.320068,3858.27002,3858.27002,0
12/24/2019,3858.850098,3878.909912,3849.610107,3878.909912,3878.909912,104600
12/26/2019,3878.879883,3882.129883,3845.879883,3851.51001,3851.51001,169300
12/27/2019,3862.51001,3862.600098,3807.790039,3815.649902,3815.649902,182700
12/30/2019,3817.159912,3820.77002,3762.02002,3773.080078,3773.080078,179400
12/31/2019,3762.48999,3791.560059,3758.639893,3786.540039,3786.540039,0
1/2/2020,3806.179932,3806.23999,3739.090088,3763.050049,3763.050049,209500
1/3/2020,3702.370117,3740.379883,3701.090088,3715.300049,3715.300049,200400
1/6/2020,3690.590088,3743.429932,3677.159912,3743.429932,3743.429932,207100
1/7/2020,3743.649902,3756.629883,3708.169922,3745.149902,3745.149902,208100
1/8/2020,3744.080078,3795.879883,3736.969971,3778.810059,3778.810059,214000
1/9/2020,3801.620117,3818.139893,3787.48999,3799.75,3799.75,217100
1/10/2020,3809.100098,3828.169922,3782.909912,3786.179932,3786.179932,266400
1/13/2020,3783.540039,3783.540039,3712.97998,3741.219971,3741.219971,265800
1/14/2020,3735.370117,3819.22998,3721.879883,3807.689941,3807.689941,258400
1/15/2020,3808.97998,3846.899902,3808.669922,3824.860107,3824.860107,247700
1/16/2020,3846.469971,3859.560059,3819.550049,3840.389893,3840.389893,225100
1/17/2020,3856.72998,3857.01001,3815.939941,3827.070068,3827.070068,219000
1/21/2020,3821.040039,3829.060059,3786.290039,3789.540039,3789.540039,257300
1/22/2020,3805.110107,3818.98999,3781.389893,3783.820068,3783.820068,0
1/23/2020,3775.100098,3775.26001,3726.870117,3756.030029,3756.030029,230800
1/24/2020,3771.719971,3773.350098,3654.5,3669.080078,3669.080078,262600
1/27/2020,3611.129883,3666.97998,3602.399902,3644.959961,3644.959961,340200
1/28/2020,3681.169922,3699.47998,3665.310059,3689.040039,3689.040039,203600
1/29/2020,3696.580078,3705.699951,3683.300049,3685.060059,3685.060059,0
1/30/2020,3656.060059,3669.800049,3608.419922,3631.399902,3631.399902,186100
1/31/2020,3620.199951,3621.689941,3541.600098,3574.439941,3574.439941,206300
2/3/2020,3623.570068,3647.790039,3614.72998,3640.76001,3640.76001,0
2/4/2020,3691.159912,3736.030029,3689.219971,3727.110107,3727.110107,197800
2/5/2020,3763.959961,3880.340088,3757.98999,3821.629883,3821.629883,243500
2/6/2020,3857,3859.340088,3812.97998,3846.090088,3846.090088,206500
2/7/2020,3837.399902,3840.659912,3802.600098,3816.399902,3816.399902,230500
2/10/2020,3805.360107,3857.610107,3803.070068,3856.389893,3856.389893,209000
2/11/2020,3871.810059,3882.199951,3848.280029,3853.22998,3853.22998,191700
2/12/2020,3863.320068,3869.429932,3835.72998,3860.919922,3860.919922,220800
2/13/2020,3845.550049,3856.409912,3828.419922,3830.360107,3830.360107,202500
2/14/2020,3838.26001,3849.76001,3813.659912,3843.040039,3843.040039,220600
2/18/2020,3850.73999,3850.959961,3820.300049,3849.969971,3849.969971,187400
2/19/2020,3866.26001,3890.129883,3858.629883,3879.560059,3879.560059,195000
2/20/2020,3877.030029,3877.120117,3812.939941,3867.959961,3867.959961,0
2/21/2020,3864.419922,3879.030029,3838.889893,3864.679932,3864.679932,213000
2/24/2020,3792.689941,3795.25,3722.48999,3761.860107,3761.860107,295200
2/25/2020,3795.100098,3800.169922,3660.090088,3674.169922,3674.169922,366500
2/26/2020,3698.919922,3754.850098,3683.830078,3719.280029,3719.280029,350600
2/27/2020,3681.459961,3709.919922,3564.129883,3565.840088,3565.840088,433600
2/28/2020,3450.600098,3587.389893,3446.98999,3585.27002,3585.27002,0
3/2/2020,3610.01001,3749.050049,3588.040039,3749.050049,3749.050049,384000
3/3/2020,3720.639893,3784.77002,3605.149902,3655.590088,3655.590088,402000
3/4/2020,3717.469971,3822.149902,3699.139893,3822.139893,3822.139893,408800
3/5/2020,3731.310059,3825.610107,3723.550049,3757,3757,409600
3/6/2020,3656.620117,3721.909912,3642.209961,3710.879883,3710.879883,591100
3/9/2020,3492.600098,3582.360107,3449.840088,3457.040039,3457.040039,491500
3/10/2020,3545.909912,3550.340088,3357.830078,3530.850098,3530.850098,366300
3/11/2020,3463.189941,3508.919922,3324.159912,3358.02002,3358.02002,403800
3/12/2020,3129.929932,3230.070068,3058.149902,3062.5,3062.5,451000
3/13/2020,3214.189941,3278.649902,2995.75,3278.649902,3278.649902,493600
3/16/2020,3111.840088,3177.219971,2947.850098,2961.939941,2961.939941,409500
3/17/2020,3031.23999,3231.75,2980.870117,3167.840088,3167.840088,442100
3/18/2020,3021.169922,3191.23999,2951.22998,3091.949951,3091.949951,373300
3/19/2020,3088.570068,3230.01001,3070.110107,3174.159912,3174.159912,378500
3/20/2020,3202.540039,3289.600098,3077.429932,3084.580078,3084.580078,442300
3/23/2020,3114.540039,3127.23999,2958.889893,3056.570068,3056.570068,290500
3/24/2020,3170.27002,3235.679932,3141.199951,3233.090088,3233.090088,290000
3/25/2020,3214.780029,3300.370117,3190.669922,3201.060059,3201.060059,292700
3/26/2020,3210.830078,3368.300049,3210.830078,3368.300049,3368.300049,251100
3/27/2020,3289.810059,3373.419922,3274.360107,3287.98999,3287.98999,246600
3/30/2020,3337.659912,3424.699951,3331.110107,3424.159912,3424.159912,242400
3/31/2020,3386.689941,3425.070068,3347.550049,3392.27002,3392.27002,348000
4/1/2020,3301.850098,3347.699951,3234.669922,3257.189941,3257.189941,359100
4/2/2020,3233.679932,3385.439941,3230.76001,3382.350098,3382.350098,291300
4/3/2020,3362.439941,3403.01001,3314.48999,3342.030029,3342.030029,256700
4/6/2020,3444.75,3517.280029,3426.320068,3512.810059,3512.810059,320200
4/7/2020,3574.719971,3578.149902,3437.139893,3446.47998,3446.47998,300500
4/8/2020,3470.27002,3556.949951,3435.689941,3547.25,3547.25,245100
4/9/2020,3563.629883,3585.23999,3534.850098,3578.689941,3578.689941,0
4/13/2020,3578.600098,3601.040039,3541.300049,3597.01001,3597.01001,221900
4/14/2020,3662.709961,3728.810059,3657.75,3724.280029,3724.280029,282400
4/15/2020,3659.439941,3673.429932,3617.899902,3637.51001,3637.51001,221100
4/16/2020,3677.22998,3748.929932,3664.159912,3746.800049,3746.800049,232500
4/17/2020,3878.159912,3915.51001,3822.969971,3914.48999,3914.48999,489200
4/20/2020,3882.280029,4033.26001,3881.570068,3971.73999,3971.73999,433800
4/21/2020,3917.310059,3941.879883,3829.179932,3845.669922,3845.669922,308000
4/22/2020,3880.560059,3893.01001,3829.22998,3878.320068,3878.320068,0
4/23/2020,3891.5,3977.639893,3862.23999,3875.25,3875.25,401800
4/24/2020,3896.300049,3965.27002,3867.5,3961.669922,3961.669922,367300
4/27/2020,4012.689941,4034.48999,3972.669922,4005.800049,4005.800049,362900
4/28/2020,4038.830078,4038.830078,3905.909912,3918.389893,3918.389893,290200
4/29/2020,3995.620117,3995.620117,3924.449951,3949.929932,3949.929932,415000
4/30/2020,3942.47998,3948.449951,3883.379883,3900.060059,3900.060059,357100
5/1/2020,3840.110107,3855.780029,3759.97998,3801.48999,3801.48999,355000
5/4/2020,3799.399902,3911.909912,3798.949951,3909.379883,3909.379883,264400
5/5/2020,3950.370117,4017.830078,3948.899902,3986.129883,3986.129883,391300
5/6/2020,3995.909912,4035.820068,3972.22998,3990.129883,3990.129883,347400
5/7/2020,4034.72998,4035.530029,3979.77002,3999.75,3999.75,0
5/8/2020,4035,4055.23999,4013.580078,4033.469971,4033.469971,0
5/11/2020,4033.540039,4210.040039,4028.090088,4201.879883,4201.879883,0
5/12/2020,4218.990234,4273.52002,4118.609863,4120.629883,4120.629883,523800
5/13/2020,4138.390137,4193.810059,4003.810059,4070.330078,4070.330078,347900
5/14/2020,4032.560059,4076.860107,3996.719971,4053.949951,4053.949951,314800
5/15/2020,4029.639893,4150.02002,4015.290039,4148.549805,4148.549805,259200
5/18/2020,4262.330078,4263.259766,4190.680176,4198.899902,4198.899902,0
5/19/2020,4188.450195,4209.5,4114.779785,4115.890137,4115.890137,321800
5/20/2020,4160.450195,4208.060059,4137.240234,4202.549805,4202.549805,350300
5/21/2020,4200.310059,4200.370117,4120.970215,4155.540039,4155.540039,305400
5/22/2020,4154.609863,4191.509766,4133.569824,4190.009766,4190.009766,277400
5/26/2020,4238.299805,4240.109863,4105.439941,4109.700195,4109.700195,353300
5/27/2020,4096.069824,4144.790039,3978.179932,4141.810059,4141.810059,359700
5/28/2020,4165.709961,4213.580078,4142.120117,4151.680176,4151.680176,0
5/29/2020,4166.419922,4234.5,4099.75,4229.569824,4229.569824,0
6/1/2020,4210.740234,4228.220215,4185.779785,4207.569824,4207.569824,289400
6/2/2020,4195.629883,4220.899902,4131.069824,4219.339844,4219.339844,308600
6/3/2020,4220.069824,4220.069824,4151.799805,4167.459961,4167.459961,278600
6/4/2020,4150.279785,4192.870117,4104.02002,4125.25,4125.25,255900
6/5/2020,4132.060059,4174.25,4087.570068,4128.089844,4128.089844,259400
6/8/2020,4130.620117,4185.779785,4099.509766,4179,4179,300600
6/9/2020,4171.459961,4214.390137,4163.700195,4169.580078,4169.580078,242600
6/10/2020,4199.459961,4219.970215,4169.299805,4184.75,4184.75,240600
6/11/2020,4143.25,4148.810059,3992.040039,3993.169922,3993.169922,294400
6/12/2020,4070.360107,4087.399902,3931.610107,4021.72998,4021.72998,264000
6/15/2020,3979.98999,4108.47998,3969.139893,4095.560059,4095.560059,243100
6/16/2020,4160.939941,4177.310059,4085.179932,4157.370117,4157.370117,223800
6/17/2020,4178.299805,4212.839844,4164.220215,4174.600098,4174.600098,227800
6/18/2020,4146.879883,4209.560059,4146.580078,4193.259766,4193.259766,224100
6/19/2020,4219.790039,4335.799805,4208.02002,4333.509766,4333.509766,524500
6/22/2020,4320.129883,4351.430176,4260.709961,4337.589844,4337.589844,291300
6/23/2020,4366.149902,4413.240234,4347.450195,4358.439941,4358.439941,448300
6/24/2020,4341.850098,4390.279785,4246.319824,4275.240234,4275.240234,359900
6/25/2020,4276.240234,4338.759766,4245.160156,4336.049805,4336.049805,401400
6/26/2020,4321.490234,4321.850098,4215.27002,4242.759766,4242.759766,605200
6/29/2020,4263.5,4273.009766,4201.430176,4227.290039,4227.290039,285300
6/30/2020,4224.109863,4309.569824,4214.640137,4297.47998,4297.47998,360900
7/1/2020,4296.779785,4328.720215,4253.120117,4317.649902,4317.649902,385800
7/2/2020,4347.430176,4389.890137,4330.109863,4350.189941,4350.189941,272400
7/6/2020,4395.189941,4425.77002,4368.459961,4378.22998,4378.22998,252300
7/7/2020,4368.910156,4468.189941,4359.560059,4402.640137,4402.640137,299000
7/8/2020,4435.950195,4437.970215,4375.029785,4423.830078,4423.830078,242300
7/9/2020,4432.77002,4452.810059,4350.149902,4413.060059,4413.060059,225100
7/10/2020,4411.660156,4419.259766,4357.720215,4373.560059,4373.560059,179000
7/13/2020,4402.5,4480.259766,4300.439941,4310.430176,4310.430176,342500
7/14/2020,4297.160156,4411.629883,4251.850098,4409.569824,4409.569824,530400
7/15/2020,4468.910156,4495.240234,4427.609863,4479.319824,4479.319824,336200
7/16/2020,4452.990234,4458.779785,4390.569824,4441.040039,4441.040039,264700
7/17/2020,4453.209961,4539.890137,4450.700195,4525.350098,4525.350098,348500
7/20/2020,4538.379883,4600.540039,4514.720215,4579.419922,4579.419922,304200
7/21/2020,4579.640137,4579.910156,4464.970215,4473.220215,4473.220215,382300
7/22/2020,4481.529785,4494.839844,4435.620117,4462.149902,4462.149902,233300
7/23/2020,4470.160156,4492.540039,4367.330078,4378.299805,4378.299805,283400
7/24/2020,4326.52002,4327.189941,4250.990234,4284.97998,4284.97998,235000
7/27/2020,4328.72998,4405.640137,4315.52002,4401.359863,4401.359863,257200
7/28/2020,4404.140137,4420.049805,4334.77002,4336.339844,4336.339844,252200
7/29/2020,4347.879883,4347.879883,4287.180176,4294.720215,4294.720215,252700
7/30/2020,4255.299805,4327.810059,4254.569824,4307.109863,4307.109863,309100
7/31/2020,4299.910156,4304.180176,4174.009766,4224.359863,4224.359863,287200
8/3/2020,4253.290039,4360.790039,4251.839844,4357.339844,4357.339844,283800
8/4/2020,4355.350098,4355.529785,4287.939941,4323.339844,4323.339844,215900
8/5/2020,4349.02002,4354.080078,4297.350098,4316.850098,4316.850098,262600
8/6/2020,4319.850098,4330.120117,4267.169922,4296.410156,4296.410156,269200
8/7/2020,4281.240234,4303,4244.52002,4280.950195,4280.950195,247700
8/10/2020,4285.160156,4285.299805,4214.350098,4234.660156,4234.660156,359400
8/11/2020,4225.609863,4227.370117,4139.660156,4141.299805,4141.299805,297300
8/12/2020,4167.200195,4211.720215,4165.490234,4203.060059,4203.060059,0
8/13/2020,4204.160156,4229.02002,4192.97998,4214.060059,4214.060059,234600
8/14/2020,4208.640137,4214.259766,4172.640137,4186.350098,4186.350098,213300
8/17/2020,4201.759766,4277.680176,4199.339844,4272.689941,4272.689941,263400
8/18/2020,4277.009766,4282.930176,4213.160156,4247.910156,4247.910156,210500
8/19/2020,4221.870117,4245.180176,4192.970215,4198.640137,4198.640137,319600
8/20/2020,4173.959961,4193.839844,4159.399902,4187.129883,4187.129883,207300
8/21/2020,4175.899902,4180.22998,4134.459961,4162.5,4162.5,270100
8/24/2020,4186.759766,4186.759766,4090.47998,4113.600098,4113.600098,322400
8/25/2020,4127.379883,4188.779785,4105.290039,4181.299805,4181.299805,229300
8/26/2020,4176.169922,4188.060059,4155.189941,4170.359863,4170.359863,229400
8/27/2020,4179.299805,4192.319824,4141.450195,4169,4169,240400
8/28/2020,4175.939941,4177.879883,4145.149902,4177.5,4177.5,203200
8/31/2020,4199.100098,4272.22998,4187.740234,4262.370117,4262.370117,298200
9/1/2020,4252.890137,4257.759766,4167.330078,4181.790039,4181.790039,258800
9/2/2020,4187.310059,4246.600098,4172.930176,4243.740234,4243.740234,282100
9/3/2020,4231.390137,4233.029785,4069.530029,4087.02002,4087.02002,363500
9/4/2020,4092.419922,4099.97998,3962.379883,4062.840088,4062.840088,285900
9/8/2020,3997.610107,4055.75,3967.689941,3987.709961,3987.709961,281900
9/9/2020,4025.580078,4083.98999,4024.699951,4063.51001,4063.51001,272300
9/10/2020,4061.070068,4107.069824,3986,3990.929932,3990.929932,231400
9/11/2020,4018.600098,4059.570068,3978.310059,4016.22998,4016.22998,230400
9/14/2020,4124.22998,4239.319824,4123.430176,4229.02002,4229.02002,353000
9/15/2020,4265.600098,4300.279785,4255.819824,4275.669922,4275.669922,274700
9/16/2020,4302.430176,4333.02002,4268.040039,4277.25,4277.25,366100
9/17/2020,4207.5,4278.169922,4204.569824,4260.810059,4260.810059,282900
9/18/2020,4284.839844,4284.890137,4186.439941,4277.990234,4277.990234,589100
9/21/2020,4207.149902,4214.240234,4129.859863,4172.459961,4172.459961,281800
9/22/2020,4172.359863,4210.220215,4114.009766,4207.319824,4207.319824,232200
9/23/2020,4204.169922,4236.410156,4145.689941,4149.430176,4149.430176,280900
9/24/2020,4119.97998,4129.859863,4065.320068,4108.529785,4108.529785,245000
9/25/2020,4102,4203.919922,4099.060059,4198.069824,4198.069824,227600
9/28/2020,4234.660156,4239.580078,4189.700195,4227,4227,242600
9/29/2020,4224.899902,4257.680176,4210.939941,4233.580078,4233.580078,209500
9/30/2020,4251.740234,4296.370117,4229.72998,4256.759766,4256.759766,267500
10/1/2020,4274.950195,4299.509766,4256.850098,4296.810059,4296.810059,435600
10/2/2020,4236.089844,4296.120117,4187.879883,4202.75,4202.75,233500
10/5/2020,4281.120117,4389.049805,4276.029785,4387.419922,4387.419922,286600
10/6/2020,4394.819824,4408.899902,4330.430176,4335.870117,4335.870117,289900
10/7/2020,4363.319824,4443.950195,4363.240234,4431.379883,4431.379883,239400
10/8/2020,4458.22998,4458.22998,4418.890137,4442.990234,4442.990234,237600
10/9/2020,4463.970215,4480.339844,4441.200195,4478.359863,4478.359863,226800
10/12/2020,4509.089844,4528.459961,4466.72998,4510.97998,4510.97998,219900
10/13/2020,4498.569824,4545.939941,4498.560059,4532.990234,4532.990234,220300
10/14/2020,4544.450195,4547,4470.77002,4475.149902,4475.149902,204500
10/15/2020,4376.379883,4400.430176,4344.689941,4371.009766,4371.009766,200900
10/16/2020,4379.279785,4450.959961,4379.02002,4392.629883,4392.629883,206100
10/19/2020,4408.810059,4408.879883,4298.759766,4313.279785,4313.279785,0
10/20/2020,4330.759766,4334.830078,4285.350098,4288.100098,4288.100098,0
10/21/2020,4282.77002,4296.580078,4218.040039,4219.540039,4219.540039,0
10/22/2020,4221.839844,4285.430176,4220.859863,4276.109863,4276.109863,0
10/23/2020,4313.870117,4313.870117,4260,4287.279785,4287.279785,203900
10/26/2020,4252.459961,4286.129883,4201.209961,4247.819824,4247.819824,179300
10/27/2020,4249.77002,4282.939941,4240.870117,4269.839844,4269.839844,234300
10/28/2020,4200.430176,4218.129883,4152,4161.649902,4161.649902,223500
10/29/2020,4162.799805,4214.47998,4120.620117,4187.359863,4187.359863,232000
10/30/2020,4145.930176,4159.430176,4054.51001,4097.970215,4097.970215,230200
11/2/2020,4125.450195,4136.200195,4033.139893,4102.109863,4102.109863,192400
11/3/2020,4128.580078,4188.319824,4125.689941,4171.089844,4171.089844,208600
11/4/2020,4263.359863,4469.339844,4263.359863,4429.830078,4429.830078,276500
11/5/2020,4459.859863,4465.359863,4392.419922,4424.799805,4424.799805,243000
11/6/2020,4403.47998,4403.680176,4345.169922,4355.970215,4355.970215,276500
11/9/2020,4374.060059,4399.299805,4313.350098,4324.350098,4324.350098,0
11/10/2020,4333.560059,4361.22998,4277.850098,4332.529785,4332.529785,318500
11/11/2020,4373.649902,4398.089844,4340.700195,4383.910156,4383.910156,226900
11/12/2020,4385.439941,4422.120117,4356.779785,4383.629883,4383.629883,265800
11/13/2020,4411.799805,4446.140137,4404.350098,4436.25,4436.25,203000
11/16/2020,4466.890137,4466.890137,4420.589844,4436.339844,4436.339844,310300
11/17/2020,4408.649902,4421.660156,4371.339844,4416.970215,4416.970215,305000
11/18/2020,4430.680176,4430.680176,4329.879883,4331.200195,4331.200195,221100
11/19/2020,4336.290039,4363.089844,4323.060059,4337.310059,4337.310059,181000
11/20/2020,4326.350098,4372.669922,4318.939941,4364.149902,4364.149902,226500
11/23/2020,4395.709961,4400.879883,4348.319824,4374.600098,4374.600098,217200
11/24/2020,4385.029785,4388.160156,4342.129883,4346,4346,0
11/25/2020,4356.740234,4380.709961,4348.97998,4369.439941,4369.439941,191600
11/27/2020,4407.620117,4505.310059,4405.620117,4505.310059,4505.310059,186500
11/30/2020,4556.470215,4576.040039,4488.02002,4554.47998,4554.47998,366800
12/1/2020,4623.689941,4646.680176,4555.709961,4571.319824,4571.319824,375000
12/2/2020,4549.049805,4582.899902,4513.830078,4558.669922,4558.669922,255900
12/3/2020,4563.649902,4600.959961,4549.390137,4599.620117,4599.620117,232800
12/4/2020,4606.509766,4649.560059,4594.839844,4645.819824,4645.819824,260200
12/7/2020,4665.189941,4692.430176,4630.120117,4644.100098,4644.100098,282200
12/8/2020,4661.5,4725.870117,4648.950195,4723.919922,4723.919922,472900
12/9/2020,4745.910156,4750,4597.839844,4640.419922,4640.419922,321800
12/10/2020,4624.529785,4715.209961,4611.799805,4709.140137,4709.140137,276400
12/11/2020,4706.009766,4744.439941,4676.450195,4718.950195,4718.950195,319000
12/14/2020,4828.899902,4910.290039,4826.47998,4829.089844,4829.089844,425700
12/15/2020,4857.109863,4858.109863,4781.879883,4833.200195,4833.200195,302200
12/16/2020,4824.649902,4839.47998,4783.25,4802.819824,4802.819824,282900
12/17/2020,4819.890137,4870.109863,4810.180176,4869.52002,4869.52002,298000
12/18/2020,4894.490234,4896.529785,4857.600098,4889.200195,4889.200195,568600
12/21/2020,4827.640137,4915.859863,4814.669922,4912.049805,4912.049805,477400
12/22/2020,4926.379883,4942.5,4898.430176,4925.310059,4925.310059,430300
12/23/2020,4927.77002,4954.490234,4871.459961,4940.100098,4940.100098,344000
12/24/2020,4946.209961,4960.629883,4893.930176,4901.919922,4901.919922,180200
12/28/2020,4939.899902,4943.810059,4825.100098,4826.450195,4826.450195,370500
12/29/2020,4837.22998,4854.589844,4752.77002,4769.350098,4769.350098,348900
12/30/2020,4801.850098,4834.959961,4779.189941,4791.220215,4791.220215,309500
12/31/2020,4793.470215,4793.470215,4715.470215,4759.140137,4759.140137,284700
1/4/2021,4784.370117,4785.22998,4670.990234,4730.990234,4730.990234,352900
1/5/2021,4731.589844,4744.419922,4700.120117,4738.129883,4738.129883,281500
1/6/2021,4711.350098,4835.549805,4711.350098,4799.959961,4799.959961,352300
1/7/2021,4830.370117,4943.319824,4829.75,4940.100098,4940.100098,338500
1/8/2021,4933.899902,5016.129883,4898.680176,4970.569824,4970.569824,351800
1/11/2021,4957.649902,5002.899902,4914.540039,4963.450195,4963.450195,317200
1/12/2021,4983.919922,5016.870117,4940.379883,4975.140137,4975.140137,291500
1/13/2021,4990.27002,5013.410156,4962.399902,4964.040039,4964.040039,299200
1/14/2021,4985.680176,5100.299805,4981.370117,5084.959961,5084.959961,311600
1/15/2021,5083.899902,5142.910156,5036.430176,5081.040039,5081.040039,332800
1/19/2021,5136.660156,5183.47998,5132.160156,5178.009766,5178.009766,350500
1/20/2021,5201.459961,5228.52002,5177.549805,5190.720215,5190.720215,330700
1/21/2021,5202.419922,5203.970215,5112.870117,5136.27002,5136.27002,333700
1/22/2021,5117.879883,5195.529785,5114.240234,5183.27002,5183.27002,296600
1/25/2021,5226.299805,5273.22998,5167.549805,5272.790039,5272.790039,490800
1/26/2021,5279.089844,5294.25,5173.169922,5178.310059,5178.310059,400100
1/27/2021,5094.22998,5164.910156,5009.529785,5023.330078,5023.330078,557500
1/28/2021,5047.390137,5160.47998,5040.049805,5041.069824,5041.069824,384400
1/29/2021,5087.950195,5154.950195,4998.410156,5056.790039,5056.790039,450800
2/1/2021,5132.160156,5139.240234,5061.600098,5115.77002,5115.77002,498300
2/2/2021,5153.25,5179.240234,5099.040039,5170.180176,5170.180176,484200
2/3/2021,5172.629883,5227.310059,5130.799805,5152.919922,5152.919922,421200
2/4/2021,5178.870117,5231.02002,5155.25,5227.600098,5227.600098,359200
2/5/2021,5253.930176,5330.439941,5231.919922,5315.029785,5315.029785,365500
2/8/2021,5347.709961,5427.129883,5331.490234,5427.129883,5427.129883,427300
2/9/2021,5429.950195,5429.950195,5382.819824,5393.72998,5393.72998,398000
2/10/2021,5436.529785,5466.790039,5303.410156,5348.319824,5348.319824,388200
2/11/2021,5381.47998,5389.040039,5298.839844,5335.180176,5335.180176,410800
2/12/2021,5310.419922,5383.47998,5303.609863,5361.569824,5361.569824,394700
2/16/2021,5372.419922,5372.419922,5235.310059,5246.200195,5246.200195,394000
2/17/2021,5204.720215,5269.149902,5175.129883,5268.169922,5268.169922,366900
2/18/2021,5206.990234,5208.450195,5138.450195,5170.779785,5170.779785,327200
2/19/2021,5194.370117,5271.890137,5194.370117,5224.600098,5224.600098,300500
2/22/2021,5171.970215,5189.040039,5096.589844,5098.680176,5098.680176,331100
2/23/2021,5001.910156,5063.919922,4888.149902,5025.839844,5025.839844,410800
2/24/2021,5036.259766,5113.660156,5011.759766,5069.529785,5069.529785,303800
2/25/2021,5067.430176,5105.27002,4905.720215,4937.930176,4937.930176,396900
2/26/2021,4960.660156,4993.120117,4850.240234,4936.779785,4936.779785,380100
3/1/2021,4986.299805,5029.149902,4980.410156,5016.859863,5016.859863,392700
3/2/2021,4986.720215,4992.27002,4914.660156,4916.970215,4916.970215,391400
3/3/2021,4886.75,4893.049805,4738.319824,4739.509766,4739.509766,496900
3/4/2021,4706.129883,4760.959961,4569.080078,4624.27002,4624.27002,494900
3/5/2021,4662.950195,4717.120117,4475.660156,4716.25,4716.25,453200
3/8/2021,4712.299805,4783.919922,4620.629883,4623.970215,4623.970215,340700
3/9/2021,4708.27002,4806.529785,4708.27002,4760.75,4760.75,349200
3/10/2021,4830.450195,4849.799805,4756.629883,4763.97998,4763.97998,339700
3/11/2021,4826.970215,4908.149902,4818.560059,4897.529785,4897.529785,347100
3/12/2021,4836.029785,4867.939941,4797.049805,4864.310059,4864.310059,266500
3/15/2021,4866.069824,4937.509766,4855.240234,4937.399902,4937.399902,307200
3/16/2021,4972.029785,4999.850098,4873.899902,4937.27002,4937.27002,304800
3/17/2021,4882.660156,5000.169922,4858.009766,4968.549805,4968.549805,284600
3/18/2021,4904.299805,4935.560059,4804.22998,4809.069824,4809.069824,275500
3/19/2021,4831.629883,4904.169922,4803.859863,4892.779785,4892.779785,932200
3/22/2021,4896.490234,4983.740234,4895.609863,4958.939941,4958.939941,311200
3/23/2021,4926,4926.620117,4750.459961,4763.620117,4763.620117,352300
3/24/2021,4781.259766,4782.720215,4623.910156,4624.540039,4624.540039,326900
3/25/2021,4589.439941,4686.22998,4567.669922,4676.200195,4676.200195,318600
3/26/2021,4686.200195,4695.560059,4603.950195,4688.779785,4688.779785,256600
3/29/2021,4666.509766,4681,4606.220215,4624.129883,4624.129883,289100
3/30/2021,4603.870117,4658.350098,4559.839844,4607.649902,4607.649902,259300
3/31/2021,4638.5,4747.350098,4631.72998,4724.97998,4724.97998,314200
4/1/2021,4775.040039,4819.859863,4749.100098,4764.339844,4764.339844,247500
4/5/2021,4791.169922,4792.290039,4752.790039,4785.970215,4785.970215,223800
4/6/2021,4795.149902,4832.27002,4750.470215,4758.140137,4758.140137,243600
4/7/2021,4739.779785,4751.25,4666.189941,4674.120117,4674.120117,409400
4/8/2021,4719.430176,4737.310059,4676.259766,4689.040039,4689.040039,246800
4/9/2021,4683.390137,4686.870117,4648.879883,4671.140137,4671.140137,350100
4/12/2021,4666.52002,4667.029785,4584.140137,4604.279785,4604.279785,276600
4/13/2021,4632.890137,4689.109863,4618.580078,4685.680176,4685.680176,294900
4/14/2021,4711.330078,4810.060059,4709.279785,4756.959961,4756.959961,267300
4/15/2021,4788.109863,4848.589844,4779.129883,4817.049805,4817.049805,328800
4/16/2021,4833.700195,4834.370117,4793.169922,4819.660156,4819.660156,293900
4/19/2021,4794.160156,4823.549805,4739.109863,4767.259766,4767.259766,235300
4/20/2021,4750.759766,4797.330078,4702.72998,4768.339844,4768.339844,246200
4/21/2021,4775.379883,4865.089844,4757.129883,4864.560059,4864.560059,215900
4/22/2021,4849.950195,4936.140137,4814.470215,4857,4857,255100
4/23/2021,4864.060059,4893.200195,4850.410156,4879.509766,4879.509766,251100
4/26/2021,4893.680176,4985.27002,4870.790039,4979.009766,4979.009766,237500
4/27/2021,4987.060059,5004.890137,4948.930176,4957.580078,4957.580078,232300
4/28/2021,4915.580078,4947.049805,4878.149902,4921.919922,4921.919922,205800
4/29/2021,4935.140137,4936.22998,4829.569824,4867.069824,4867.069824,275500
4/30/2021,4840.220215,4922.970215,4836.97998,4865.459961,4865.459961,283400
5/3/2021,4897.640137,4911.100098,4855.27002,4862.97998,4862.97998,254100
5/4/2021,4824.930176,4828.279785,4698.549805,4714.560059,4714.560059,336400
5/5/2021,4738.149902,4762.450195,4655.009766,4676.819824,4676.819824,608200
5/6/2021,4621.75,4662.439941,4565.97998,4660.209961,4660.209961,379700
5/7/2021,4689.810059,4755.870117,4685.330078,4702.290039,4702.290039,323000
5/10/2021,4694.700195,4695.839844,4609.950195,4616.049805,4616.049805,316700
5/11/2021,4504.27002,4671.850098,4497.310059,4640.47998,4640.47998,306100
5/12/2021,4588.75,4660.490234,4588.459961,4597.620117,4597.620117,300600
5/13/2021,4621.189941,4647.399902,4540.029785,4597.890137,4597.890137,277200
5/14/2021,4619.149902,4716.029785,4611.25,4697.350098,4697.350098,251500
5/17/2021,4681.47998,4726.109863,4675.660156,4715.930176,4715.930176,209800
5/18/2021,4724.910156,4796.149902,4712.660156,4728.450195,4728.450195,229000
5/19/2021,4654.77002,4691.839844,4642.680176,4679.140137,4679.140137,251600
5/20/2021,4695.890137,4816.330078,4695.279785,4786.069824,4786.069824,256900
5/21/2021,4817.509766,4823.75,4750.77002,4753.390137,4753.390137,220600
5/24/2021,4779.629883,4789.930176,4724.580078,4726.339844,4726.339844,230400
5/25/2021,4738.379883,4747.180176,4692.870117,4697.189941,4697.189941,284700
5/26/2021,4709.970215,4728.640137,4688.540039,4726.330078,4726.330078,242000
5/27/2021,4732.540039,4749.560059,4710.950195,4746.410156,4746.410156,293600
5/28/2021,4764.129883,4834.540039,4764.129883,4766.77002,4766.77002,224600
6/1/2021,4790.209961,4791.970215,4708.649902,4734.870117,4734.870117,255200
6/2/2021,4743.419922,4776.390137,4718.649902,4749.950195,4749.950195,301000
6/3/2021,4719.660156,4756.700195,4690.649902,4744.620117,4744.620117,243800
6/4/2021,4774.120117,4831.470215,4768.27002,4803.450195,4803.450195,220400
6/7/2021,4814.200195,5067.689941,4808.160156,4977.330078,4977.330078,371900
6/8/2021,5004.259766,5018.399902,4893.459961,4972.700195,4972.700195,275100
6/9/2021,5001.759766,5068.459961,5001.759766,5042.830078,5042.830078,327700
6/10/2021,5045.75,5140.040039,5025.560059,5131.27002,5131.27002,258500
6/11/2021,5104.040039,5113.640137,5059.439941,5093.200195,5093.200195,259100
6/14/2021,5097.839844,5109.740234,5060.509766,5085.580078,5085.580078,308400
6/15/2021,5074.870117,5077.740234,4990.72998,5003.350098,5003.350098,258500
6/16/2021,4998.200195,5035.359863,4906.370117,4965.549805,4965.549805,423000
6/17/2021,4954.790039,5015.330078,4944.990234,4998.910156,4998.910156,241300
6/18/2021,4969.649902,4994.339844,4926.75,4983.680176,4983.680176,843200
6/21/2021,4999.509766,5042.939941,4968.640137,5024.720215,5024.720215,300200
6/22/2021,5023.790039,5036.629883,4992.529785,5035.02002,5035.02002,244300
6/23/2021,5037.040039,5058.620117,4982.589844,5017.240234,5017.240234,240100
6/24/2021,5034.240234,5098.990234,5033.209961,5080.819824,5080.819824,237800
6/25/2021,5093.22998,5123.990234,5081.319824,5121.029785,5121.029785,744300
6/28/2021,5173.890137,5185.629883,5120.740234,5130.990234,5130.990234,308000
6/29/2021,5121.75,5159.97998,5103.120117,5129.75,5129.75,245600
6/30/2021,5126.939941,5187.850098,5103.689941,5147.930176,5147.930176,319200
7/1/2021,5153.470215,5208.430176,5130.310059,5207.870117,5207.870117,251900
7/2/2021,5212,5212.439941,5155.160156,5184.259766,5184.259766,290900
7/6/2021,5154.720215,5159.899902,5090.02002,5106.990234,5106.990234,283000
7/7/2021,5109.549805,5110.649902,5011.180176,5039.810059,5039.810059,258900
7/8/2021,4954.22998,5076.549805,4954.22998,5064.379883,5064.379883,228600
7/9/2021,5074.060059,5118.580078,5038.120117,5107.129883,5107.129883,191300
7/12/2021,5112.060059,5120.779785,5077.859863,5084.680176,5084.680176,195600
7/13/2021,5074.22998,5078.97998,5027.490234,5029.350098,5029.350098,209200
7/14/2021,5045.22998,5047.040039,4958.97998,4966.25,4966.25,255300
7/15/2021,4945.259766,4968.180176,4909.310059,4965.580078,4965.580078,262400
